0,639.02,0.008,0,0,1773965021500,False,True
0,638.77,0.00967,0,0,1773965021500,False,True
0,638.76,0.01829,0,0,1773965021500,False,True
0,638.76,0.03954,0,0,1773965046319,True,True
0,638.8,0.11418,0,0,1773965155450,False,True
0,639.05,0.01913,0,0,1773965185191,True,True
0,639.06,0.01887,0,0,1773965185191,True,True
0,639.08,0.01534,0,0,1773965187614,True,True
0,639.08,0.00168,0,0,1773965190184,True,True
0,639.18,0.02507,0,0,1773965241787,True,True
0,639.19,0.11593,0,0,1773965241787,True,True
0,639.26,0.22784,0,0,1773965254449,True,True
0,639.93,0.10502,0,0,1773965372331,True,True
0,640.09,0.04625,0,0,1773965442846,True,True
0,640.14,0.02575,0,0,1773965442846,True,True
0,640.32,0.02096,0,0,1773965655452,True,True
0,640.41,0.05429,0,0,1773965815659,True,True
0,640.38,0.01861,0,0,1773966051149,True,True
0,640.0,0.63223,0,0,1773966232425,False,True
0,639.53,0.13371,0,0,1773966245944,True,True
0,639.96,0.054,0,0,1773966436388,True,True
0,639.72,0.054,0,0,1773966461494,True,True
0,639.75,0.074,0,0,1773966513828,True,True
0,640.04,0.00766,0,0,1773966548356,True,True
0,640.08,0.144,0,0,1773966557502,True,True
0,640.66,0.03031,0,0,1773967149813,True,True
0,640.83,0.01475,0,0,1773967200947,False,True
0,640.84,0.16645,0,0,1773967201190,True,True
0,641.22,0.02092,0,0,1773967290292,True,True
0,641.18,0.02242,0,0,1773967386243,True,True
0,641.18,0.1771,0,0,1773967386243,True,True
0,641.41,0.1771,0,0,1773967386245,True,True
0,641.47,0.06491,0,0,1773967386245,True,True
0,641.48,0.1771,0,0,1773967386245,True,True
0,641.4,0.432,0,0,1773967441262,True,True
0,641.27,0.1771,0,0,1773967536656,True,True
0,641.33,0.3399,0,0,1773967536656,True,True
0,641.31,0.01412,0,0,1773967614419,True,True
0,641.01,0.01346,0,0,1773967817181,True,True
0,641.3,0.02919,0,0,1773967870470,True,True
0,641.31,0.25149,0,0,1773967870470,True,True
0,641.05,0.0075,0,0,1773968328595,True,True
0,641.1,0.04645,0,0,1773968401471,True,True
0,641.11,0.01147,0,0,1773968401471,True,True
0,641.27,0.01537,0,0,1773968438465,True,True
0,641.69,0.15978,0,0,1773968486793,False,True
0,641.91,0.00802,0,0,1773968528961,False,True
0,642.04,0.0268,0,0,1773968604219,False,True
0,642.03,0.00059,0,0,1773968604219,False,True
0,642.07,0.0268,0,0,1773968692961,True,True
0,642.09,0.03846,0,0,1773968692961,True,True
0,642.1,0.29827,0,0,1773968692961,True,True
0,642.11,0.0374,0,0,1773968806473,True,True
0,642.12,0.03569,0,0,1773968806473,True,True
0,641.7,0.0268,0,0,1773969217425,False,True
0,641.69,0.14782,0,0,1773969217425,False,True
0,641.68,0.01231,0,0,1773969217425,False,True
0,641.63,0.06467,0,0,1773969223315,False,True
0,641.05,0.0742,0,0,1773969703974,True,True
0,641.05,0.0838,0,0,1773969703974,True,True
0,641.41,0.0268,0,0,1773969828499,True,True
0,641.49,0.0062,0,0,1773969828499,True,True
0,641.35,0.00761,0,0,1773969894103,True,True
0,641.34,0.1771,0,0,1773969961547,True,True
0,641.38,0.03806,0,0,1773969961547,True,True
0,641.39,0.29445,0,0,1773969961547,True,True
0,641.62,0.04477,0,0,1773970152535,True,True
0,641.87,0.07421,0,0,1773970536221,True,True
0,641.94,0.06467,0,0,1773970536221,True,True
0,641.94,0.04164,0,0,1773970536221,True,True
0,641.95,0.03148,0,0,1773970536221,True,True
0,642.35,0.00151,0,0,1773970588069,True,True
0,643.0,0.01871,0,0,1773970782137,True,True
0,643.03,0.03967,0,0,1773970782137,True,True
0,643.42,0.1771,0,0,1773970785462,True,True
0,643.47,0.02372,0,0,1773970785462,True,True
0,643.48,0.57618,0,0,1773970785462,True,True
0,643.27,0.01205,0,0,1773970800990,False,True
0,643.66,0.01874,0,0,1773970868127,True,True
0,643.74,0.05893,0,0,1773970868127,True,True
0,643.67,0.01141,0,0,1773970916832,True,True
0,643.74,0.0182,0,0,1773971040803,True,True
0,643.75,0.01205,0,0,1773971040803,True,True
0,643.75,0.11275,0,0,1773971040803,True,True
0,643.58,0.01715,0,0,1773971233381,True,True
0,643.59,0.01302,0,0,1773971233381,True,True
0,643.59,0.00549,0,0,1773971417593,True,True
0,643.38,0.1771,0,0,1773971457771,True,True
0,643.39,0.1729,0,0,1773971457771,True,True
0,643.18,0.065,0,0,1773971534474,True,True
0,643.07,0.1771,0,0,1773971682023,True,True
0,643.11,0.4439,0,0,1773971682023,True,True
0,643.11,0.01837,0,0,1773971684732,True,True
0,643.07,0.01475,0,0,1773971715554,False,True
0,643.02,0.1771,0,0,1773971715554,False,True
0,642.98,0.14841,0,0,1773971715554,False,True
0,642.94,0.15974,0,0,1773971715554,False,True
0,643.11,0.059,0,0,1773971731354,True,True
0,642.84,0.01475,0,0,1773971761462,True,True
0,642.85,0.69425,0,0,1773971761462,True,True
0,642.79,0.01707,0,0,1773971778510,True,True
0,642.82,0.369,0,0,1773971821926,True,True
0,641.95,0.083,0,0,1773972715679,True,True
0,641.73,0.1771,0,0,1773972778788,True,True
0,641.74,0.48399,0,0,1773972778788,True,True
0,641.63,0.06307,0,0,1773972847929,False,True
0,640.9,1.729,0,0,1773973065236,True,True
0,641.15,0.07238,0,0,1773973152752,False,True
0,641.14,0.049,0,0,1773973206392,True,True
0,641.19,0.01514,0,0,1773973226279,True,True
0,640.82,0.102,0,0,1773973420408,True,True
0,640.45,0.15402,0,0,1773973517723,True,True
0,640.42,0.1409,0,0,1773973597286,True,True
0,640.57,0.01084,0,0,1773973744797,True,True
0,640.43,0.1771,0,0,1773973762368,False,True
0,640.42,0.06663,0,0,1773973762368,False,True
0,640.41,0.25631,0,0,1773973762368,False,True
0,640.61,0.033,0,0,1773973780649,True,True
0,640.12,0.00216,0,0,1773973954462,False,True
0,640.07,0.0268,0,0,1773973977961,False,True
0,639.93,0.0268,0,0,1773974012036,True,True
0,639.96,0.0482,0,0,1773974012036,True,True
0,639.96,0.00403,0,0,1773974114912,True,True
0,639.66,0.00559,0,0,1773974166634,True,True
0,639.94,0.01869,0,0,1773974223505,True,True
0,640.05,0.033,0,0,1773974270152,True,True
0,640.19,0.00965,0,0,1773974399788,False,True
0,640.19,0.01786,0,0,1773974400956,False,True
0,640.55,0.00152,0,0,1773974435429,True,True
0,640.86,0.05489,0,0,1773974511445,True,True
0,640.86,0.1771,0,0,1773974511445,True,True
0,640.89,0.12801,0,0,1773974511445,True,True
0,641.56,0.00108,0,0,1773974609746,True,True
0,641.24,0.1771,0,0,1773974744717,False,True
0,641.17,0.0268,0,0,1773974744717,False,True
0,641.16,0.07636,0,0,1773974744717,False,True
0,641.15,0.1771,0,0,1773974744717,False,True
0,641.38,0.07636,0,0,1773974839942,True,True
0,641.82,0.06649,0,0,1773974916473,True,True
0,641.82,0.0268,0,0,1773974916473,True,True
0,641.83,0.23171,0,0,1773974916473,True,True
0,643.32,0.06634,0,0,1773975326625,True,True
0,643.33,0.07666,0,0,1773975326625,True,True
0,643.12,0.06636,0,0,1773975486929,True,True
0,643.13,0.00364,0,0,1773975486929,True,True
0,643.0,1.18117,0,0,1773975521673,False,True
0,643.0,0.91883,0,0,1773975562010,False,True
0,642.74,1.18117,0,0,1773975616610,False,True
0,642.74,0.14682,0,0,1773975620608,False,True
0,642.94,0.00159,0,0,1773975647031,True,True
0,643.06,0.01568,0,0,1773975686779,True,True
0,643.06,0.06637,0,0,1773975687973,True,True
0,643.07,1.36963,0,0,1773975687973,True,True
0,642.98,0.06638,0,0,1773975704296,True,True
0,642.99,0.01667,0,0,1773975704296,True,True
0,643.21,0.07755,0,0,1773975876254,False,True
0,643.21,0.041,0,0,1773975876583,False,True
0,643.21,0.04918,0,0,1773975878972,False,True
0,643.21,0.062,0,0,1773975883238,False,True
0,643.21,1.18117,0,0,1773975883887,False,True
0,643.21,0.06873,0,0,1773975883895,False,True
0,643.21,0.06873,0,0,1773975883896,False,True
0,643.21,0.06873,0,0,1773975883899,False,True
0,643.21,0.06873,0,0,1773975883901,False,True
0,643.21,0.06873,0,0,1773975883903,False,True
0,643.21,0.06873,0,0,1773975883905,False,True
0,643.21,0.06873,0,0,1773975883908,False,True
0,643.21,0.06873,0,0,1773975883911,False,True
0,643.21,0.06873,0,0,1773975883912,False,True
0,643.21,0.06873,0,0,1773975883914,False,True
0,643.21,0.0008,0,0,1773975883917,False,True
0,643.2,0.041,0,0,1773976152382,False,True
0,643.2,0.09367,0,0,1773976157020,False,True
0,643.2,0.00392,0,0,1773976181886,False,True
0,643.2,0.041,0,0,1773976261548,False,True
0,643.2,1.18117,0,0,1773976263364,False,True
0,643.2,0.73824,0,0,1773976265029,False,True
0,642.97,1.18117,0,0,1773976489344,False,True
0,642.97,0.04918,0,0,1773976489563,False,True
0,642.97,0.03353,0,0,1773976491390,False,True
0,642.97,0.45873,0,0,1773976492826,False,True
0,642.97,0.37739,0,0,1773976493264,False,True
0,642.66,0.02744,0,0,1773976574631,True,True
0,642.67,0.00556,0,0,1773976574631,True,True
0,643.39,0.34334,0,0,1773976782277,False,True
0,643.39,0.45255,0,0,1773976927157,False,True
0,643.39,0.04918,0,0,1773976950628,False,True
0,643.39,0.041,0,0,1773976954763,False,True
0,643.39,0.21206,0,0,1773976955346,False,True
0,643.39,0.00825,0,0,1773976973882,False,True
0,643.61,0.04135,0,0,1773977273402,False,True
0,645.01,0.17754,0,0,1773977408257,True,True
0,645.07,0.59781,0,0,1773977408257,True,True
0,645.01,1.18117,0,0,1773977483453,False,True
0,645.01,0.9118,0,0,1773977484469,False,True
0,644.96,1.18117,0,0,1773977486589,False,True
0,644.96,0.06041,0,0,1773977511187,False,True
0,644.96,0.04917,0,0,1773977521188,False,True
0,645.01,0.716,0,0,1773977579278,True,True
0,644.96,0.80225,0,0,1773977593652,False,True
0,644.96,1.18117,0,0,1773977619055,False,True
0,644.96,0.91183,0,0,1773977688581,False,True
0,644.7,0.03543,0,0,1773977693705,False,True
0,644.7,0.08081,0,0,1773977708698,False,True
0,644.7,0.08194,0,0,1773977714244,False,True
0,644.7,0.041,0,0,1773977723801,False,True
0,644.7,0.04917,0,0,1773977724123,False,True
0,644.7,1.18117,0,0,1773977724535,False,True
0,644.7,0.18578,0,0,1773977725662,False,True
0,644.7,0.4377,0,0,1773977734582,False,True
0,644.44,1.18117,0,0,1773977757818,False,True
0,644.45,0.10765,0,0,1773977764422,True,True
0,644.44,0.91383,0,0,1773977788558,False,True
0,644.18,0.01303,0,0,1773977844867,True,True
0,644.18,0.0276,0,0,1773977847041,True,True
0,644.04,1.18117,0,0,1773977874029,False,True
0,644.05,0.1157,0,0,1773977892796,True,True
0,644.04,0.91483,0,0,1773977907592,False,True
0,643.7,0.075,0,0,1773977946324,False,True
0,643.85,0.35773,0,0,1773978108446,False,True
0,643.85,1.18117,0,0,1773978108491,False,True
0,643.85,0.5581,0,0,1773978108518,False,True
0,643.95,0.21706,0,0,1773978145980,True,True
0,643.84,0.041,0,0,1773978268795,False,True
0,643.84,1.89137,0,0,1773978272586,False,True
0,643.84,0.04917,0,0,1773978272602,False,True
0,643.84,0.11546,0,0,1773978272688,False,True
0,643.53,2.04436,0,0,1773978317148,False,True
0,643.53,0.05364,0,0,1773978317226,False,True
0,643.17,0.04514,0,0,1773978322946,False,True
0,643.96,1.97075,0,0,1773978598670,False,True
0,643.96,0.12625,0,0,1773978599915,False,True
0,643.71,0.7912,0,0,1773978625141,True,True
0,643.71,0.9146,0,0,1773978625164,True,True
0,643.71,0.06596,0,0,1773978625168,True,True
0,643.76,0.075,0,0,1773978625180,True,True
0,643.77,0.1838,0,0,1773978625180,True,True
0,643.81,0.1354,0,0,1773978625294,True,True
0,644.18,0.77646,0,0,1773978645797,False,True
0,644.18,0.07919,0,0,1773978650136,False,True
0,644.62,0.355,0,0,1773978872888,True,True
0,644.47,0.07696,0,0,1773978893290,False,True
0,644.62,0.06485,0,0,1773978939586,True,True
0,644.64,1.18117,0,0,1773979146649,False,True
0,644.65,0.03503,0,0,1773979198228,True,True
0,644.65,1.53587,0,0,1773979209435,True,True
0,644.64,0.91283,0,0,1773979264340,False,True
0,644.31,0.77645,0,0,1773979288143,False,True
0,644.31,1.31855,0,0,1773979288956,False,True
0,644.09,0.77645,0,0,1773979289285,False,True
0,644.09,0.77644,0,0,1773979290427,False,True
0,644.09,0.54211,0,0,1773979291569,False,True
0,644.02,0.23433,0,0,1773979291569,False,True
0,644.03,0.77644,0,0,1773979292713,False,True
0,644.03,0.77644,0,0,1773979293855,False,True
0,644.03,0.54212,0,0,1773979294999,False,True
0,644.02,0.23432,0,0,1773979294999,False,True
0,644.02,0.77644,0,0,1773979296142,False,True
0,644.02,0.77653,0,0,1773979297286,False,True
0,644.02,0.54303,0,0,1773979298428,False,True
0,643.88,0.1771,0,0,1773979298428,False,True
0,644.02,0.77653,0,0,1773979299571,False,True
0,644.02,0.77653,0,0,1773979300715,False,True
0,644.02,0.54294,0,0,1773979301857,False,True
0,644.02,0.77653,0,0,1773979302999,False,True
0,644.02,0.77644,0,0,1773979304143,False,True
0,644.02,0.54303,0,0,1773979305287,False,True
0,644.05,0.14841,0,0,1773979306429,False,True
0,644.04,0.62803,0,0,1773979306429,False,True
0,644.04,0.77649,0,0,1773979307571,False,True
0,644.04,0.77649,0,0,1773979308714,False,True
0,644.05,0.7764,0,0,1773979309856,False,True
0,644.05,0.7764,0,0,1773979310997,False,True
0,644.07,0.14841,0,0,1773979312223,True,True
0,644.14,0.06626,0,0,1773979312223,True,True
0,644.15,0.56173,0,0,1773979312223,True,True
0,644.12,0.06626,0,0,1773979313367,True,True
0,644.13,0.71012,0,0,1773979313367,True,True
0,644.18,0.77638,0,0,1773979314509,True,True
0,644.22,0.06625,0,0,1773979315651,True,True
0,644.23,0.71013,0,0,1773979315651,True,True
0,644.25,0.77626,0,0,1773979316796,True,True
0,644.24,0.05339,0,0,1773979317938,True,True
0,644.25,0.72287,0,0,1773979317938,True,True
0,644.31,0.77626,0,0,1773979319081,True,True
0,644.3,0.03216,0,0,1773979320225,True,True
0,644.31,0.74402,0,0,1773979320225,True,True
0,644.3,0.03113,0,0,1773979321368,True,True
0,644.31,0.74505,0,0,1773979321368,True,True
0,644.3,0.03016,0,0,1773979322511,True,True
0,644.31,0.74602,0,0,1773979322511,True,True
0,644.3,0.02916,0,0,1773979323654,True,True
0,644.31,0.74702,0,0,1773979323654,True,True
0,644.28,0.02826,0,0,1773979324796,True,True
0,644.29,0.74792,0,0,1773979324796,True,True
0,644.28,0.02738,0,0,1773979325939,True,True
0,644.29,0.7488,0,0,1773979325939,True,True
0,644.31,0.02654,0,0,1773979328003,True,True
0,644.31,0.02572,0,0,1773979329457,True,True
0,644.42,0.02485,0,0,1773979335928,True,True
0,644.68,0.0742,0,0,1773979368463,False,True
0,644.67,0.1771,0,0,1773979368463,False,True
0,644.62,0.0268,0,0,1773979368463,False,True
0,644.62,0.49749,0,0,1773979368463,False,True
0,644.59,0.0742,0,0,1773979369291,False,True
0,644.58,2.095,0,0,1773979369291,False,True
0,644.6,0.77565,0,0,1773979369606,False,True
0,644.6,0.77565,0,0,1773979370749,False,True
0,644.6,0.5427,0,0,1773979371891,False,True
0,644.29,0.06623,0,0,1773979371891,False,True
0,644.28,0.16687,0,0,1773979371891,False,True
0,644.32,0.1771,0,0,1773979373035,False,True
0,644.31,0.06623,0,0,1773979373035,False,True
0,644.3,0.53247,0,0,1773979373035,False,True
0,644.34,0.1771,0,0,1773979374177,False,True
0,644.31,0.06623,0,0,1773979374177,False,True
0,644.3,0.53247,0,0,1773979374177,False,True
0,644.31,0.06623,0,0,1773979375319,False,True
0,644.3,0.7097,0,0,1773979375319,False,True
0,644.3,0.31936,0,0,1773979376462,False,True
0,644.23,0.07421,0,0,1773979376462,False,True
0,644.21,0.06624,0,0,1773979376462,False,True
0,644.2,0.1771,0,0,1773979376462,False,True
0,644.2,0.13902,0,0,1773979376462,False,True
0,644.31,0.77593,0,0,1773979377606,False,True
0,644.31,0.77605,0,0,1773979378749,False,True
0,644.32,0.0742,0,0,1773979382552,True,True
0,644.32,0.1771,0,0,1773979382552,True,True
0,644.34,0.0268,0,0,1773979382552,True,True
0,644.35,0.06623,0,0,1773979382552,True,True
0,644.36,0.43181,0,0,1773979382552,True,True
0,644.32,0.14841,0,0,1773979383696,True,True
0,644.35,0.06623,0,0,1773979383696,True,True
0,644.36,0.5615,0,0,1773979383696,True,True
0,644.51,0.06623,0,0,1773979384839,True,True
0,644.52,0.70991,0,0,1773979384839,True,True
0,644.5,0.06623,0,0,1773979385982,True,True
0,644.51,0.70988,0,0,1773979385982,True,True
0,644.49,0.06622,0,0,1773979387125,True,True
0,644.5,0.70989,0,0,1773979387125,True,True
0,644.55,0.77598,0,0,1773979388270,True,True
0,644.53,0.06622,0,0,1773979389412,True,True
0,644.54,0.70976,0,0,1773979389412,True,True
0,644.51,0.06621,0,0,1773979390556,True,True
0,644.52,0.70977,0,0,1773979390556,True,True
0,644.51,0.77592,0,0,1773979391699,True,True
0,644.5,0.06621,0,0,1773979392843,True,True
0,644.51,0.70971,0,0,1773979392843,True,True
0,644.5,0.06621,0,0,1773979393985,True,True
0,644.51,0.70971,0,0,1773979393985,True,True
0,644.5,0.06621,0,0,1773979395127,True,True
0,644.51,0.70972,0,0,1773979395127,True,True
0,644.54,0.77593,0,0,1773979396329,True,True
0,644.51,0.06621,0,0,1773979397471,True,True
0,644.52,0.70972,0,0,1773979397471,True,True
0,644.49,0.06621,0,0,1773979398615,True,True
0,644.5,0.70971,0,0,1773979398615,True,True
0,644.49,0.06621,0,0,1773979399759,True,True
0,644.5,0.70971,0,0,1773979399759,True,True
0,644.63,0.0742,0,0,1773979432968,False,True
0,644.62,0.7017,0,0,1773979432968,False,True
0,644.62,3.0003,0,0,1773979433794,False,True
0,644.48,0.1771,0,0,1773979433794,False,True
0,644.47,0.0268,0,0,1773979433794,False,True
0,644.5,0.07421,0,0,1773979434110,False,True
0,644.47,0.70154,0,0,1773979434110,False,True
0,644.47,0.77575,0,0,1773979435253,False,True
0,644.47,0.77575,0,0,1773979436395,False,True
0,644.47,0.77583,0,0,1773979437537,False,True
0,644.47,0.67613,0,0,1773979438678,False,True
0,644.44,0.0997,0,0,1773979438678,False,True
0,644.45,3.716,0,0,1773979438938,False,True
0,644.44,1.9953,0,0,1773979438938,False,True
0,644.33,0.77583,0,0,1773979439821,False,True
0,644.33,0.77591,0,0,1773979440964,False,True
0,644.36,0.06623,0,0,1773979442589,True,True
0,644.37,0.70968,0,0,1773979442589,True,True
0,644.44,0.06623,0,0,1773979443731,True,True
0,644.45,0.70968,0,0,1773979443731,True,True
0,644.43,0.0268,0,0,1773979444874,True,True
0,644.44,0.06623,0,0,1773979444874,True,True
0,644.45,0.68288,0,0,1773979444874,True,True
0,644.44,0.06622,0,0,1773979446016,True,True
0,644.45,0.14841,0,0,1773979446016,True,True
0,644.45,0.56128,0,0,1773979446016,True,True
0,644.42,0.06622,0,0,1773979447158,True,True
0,644.43,0.7097,0,0,1773979447158,True,True
0,644.42,0.06622,0,0,1773979448301,True,True
0,644.43,0.7097,0,0,1773979448301,True,True
0,644.53,0.06622,0,0,1773979449445,True,True
0,644.54,0.7097,0,0,1773979449445,True,True
0,644.54,0.05023,0,0,1773979450587,True,True
0,644.55,0.72576,0,0,1773979450587,True,True
0,644.53,0.77599,0,0,1773979451729,True,True
0,644.64,0.01933,0,0,1773979452872,True,True
0,644.65,0.75666,0,0,1773979452872,True,True
0,644.66,0.01876,0,0,1773979454282,True,True
0,644.57,0.1771,0,0,1773979460465,False,True
0,644.56,0.14841,0,0,1773979460465,False,True
0,644.53,0.0268,0,0,1773979460465,False,True
0,644.52,0.85623,0,0,1773979460465,False,True
0,644.52,0.03435,0,0,1773979486955,False,True
0,644.52,1.18117,0,0,1773979490222,False,True
0,644.53,0.01506,0,0,1773979509137,True,True
0,644.53,0.01439,0,0,1773979557310,True,True
0,645.36,0.00305,0,0,1773979719040,True,True
0,645.75,1.18117,0,0,1773979742851,False,True
0,645.75,0.90983,0,0,1773979772687,False,True
0,645.75,0.27134,0,0,1773979772687,False,True
0,645.75,1.18117,0,0,1773979785721,False,True
0,645.75,0.63849,0,0,1773979787373,False,True
0,645.61,1.18117,0,0,1773979789595,False,True
0,645.61,0.90983,0,0,1773979807579,False,True
0,645.6,1.18117,0,0,1773979831123,False,True
0,645.6,1.18117,0,0,1773979841198,False,True
0,645.6,0.0857,0,0,1773979841927,False,True
0,645.61,0.02312,0,0,1773979842786,True,True
0,645.6,1.18117,0,0,1773979843144,False,True
0,645.6,0.04099,0,0,1773979843148,False,True
0,645.6,0.5288,0,0,1773979843228,False,True
0,645.6,4.159,0,0,1773979843231,False,True
0,645.53,2.091,0,0,1773979843231,False,True
0,645.4,2.091,0,0,1773979843231,False,True
0,645.29,0.0207,0,0,1773979878330,True,True
0,645.32,0.01937,0,0,1773979878330,True,True
0,645.55,0.1409,0,0,1773979931669,False,True
0,645.58,1.4762,0,0,1773980088408,False,True
0,645.58,1.18117,0,0,1773980106302,False,True
0,645.58,1.18117,0,0,1773980110493,False,True
0,645.58,0.041,0,0,1773980111022,False,True
0,645.58,0.62546,0,0,1773980113680,False,True
0,645.38,0.041,0,0,1773980300790,False,True
0,645.38,1.18117,0,0,1773980302670,False,True
0,645.38,0.08999,0,0,1773980302717,False,True
0,645.38,0.10942,0,0,1773980306225,False,True
0,645.38,1.18117,0,0,1773980308202,False,True
0,645.38,1.09225,0,0,1773980310763,False,True
0,645.41,0.02099,0,0,1773980419985,True,True
0,645.17,0.01,0,0,1773980510570,False,True
0,645.17,0.00549,0,0,1773980535731,False,True
0,645.17,0.03551,0,0,1773980535731,False,True
0,645.17,0.202,0,0,1773980536390,False,True
0,645.17,1.18117,0,0,1773980540221,False,True
0,645.17,3.00974,0,0,1773980540267,False,True
0,645.17,0.09358,0,0,1773980540721,False,True
0,645.16,2.092,0,0,1773980540721,False,True
0,644.92,0.14403,0,0,1773980571236,True,True
0,644.92,1.5498,0,0,1773980571236,True,True
0,645.13,0.01505,0,0,1773980816349,True,True
0,645.21,0.11303,0,0,1773981007875,True,True
0,645.23,0.66183,0,0,1773981007875,True,True
0,645.12,2.45522,0,0,1773981061244,False,True
0,645.12,2.06796,0,0,1773981061283,False,True
0,645.12,0.00382,0,0,1773981061556,False,True
0,645.02,4.459,0,0,1773981061609,False,True
0,645.01,2.093,0,0,1773981061609,False,True
0,644.86,0.02375,0,0,1773981061609,False,True
0,644.85,1.94195,0,0,1773981061609,False,True
0,645.03,0.77565,0,0,1773981063634,False,True
0,645.03,3.57245,0,0,1773981064015,False,True
0,644.58,0.041,0,0,1773981102601,False,True
0,644.58,0.10301,0,0,1773981104813,False,True
0,643.78,0.14841,0,0,1773981109153,False,True
0,643.78,0.1771,0,0,1773981109153,False,True
0,643.6,0.016,0,0,1773981116419,False,True
0,643.6,0.041,0,0,1773981144428,False,True
0,643.6,0.041,0,0,1773981148608,False,True
0,643.6,3.74552,0,0,1773981151450,False,True
0,643.36,0.00469,0,0,1773981155886,True,True
0,643.12,1.0083,0,0,1773981226704,False,True
0,642.64,0.77828,0,0,1773981230951,False,True
0,642.64,0.1352,0,0,1773981341767,False,True
0,642.62,0.16491,0,0,1773981423830,True,True
0,642.53,0.38863,0,0,1773981517319,True,True
0,642.53,0.935,0,0,1773981545017,True,True
0,642.37,0.0174,0,0,1773981600887,False,True
0,642.31,0.07736,0,0,1773981611513,True,True
0,642.31,0.06951,0,0,1773981638601,True,True
0,642.32,0.01984,0,0,1773981638601,True,True
0,642.31,0.0742,0,0,1773981679176,False,True
0,642.3,0.01124,0,0,1773981679176,False,True
0,642.22,0.01458,0,0,1773981712047,True,True
0,642.14,0.026,0,0,1773981884919,True,True
0,642.12,0.04058,0,0,1773981912215,False,True
0,641.83,0.0311,0,0,1773981924953,False,True
0,641.82,0.176,0,0,1773981936359,False,True
0,641.83,0.01988,0,0,1773982084965,True,True
0,641.83,0.01122,0,0,1773982088257,True,True
0,642.45,0.026,0,0,1773982118444,True,True
0,642.45,0.0154,0,0,1773982183894,True,True
0,643.23,0.0268,0,0,1773982336241,True,True
0,643.24,0.0642,0,0,1773982336241,True,True
0,644.21,0.02567,0,0,1773982749270,True,True
0,644.02,0.02,0,0,1773982888290,False,True
0,644.02,0.07854,0,0,1773983184576,True,True
0,644.02,0.42146,0,0,1773983184576,True,True
0,644.01,0.03854,0,0,1773983226436,True,True
0,643.85,0.11252,0,0,1773983255852,True,True
0,643.85,0.02363,0,0,1773983274442,True,True
0,644.0,0.753,0,0,1773983358720,True,True
0,644.24,0.0385,0,0,1773983563441,False,True
0,644.11,0.34978,0,0,1773983628907,False,True
0,644.31,0.08968,0,0,1773983851895,True,True
0,644.3,1.18117,0,0,1773983890896,False,True
0,644.11,0.04532,0,0,1773983896477,False,True
0,643.69,0.15535,0,0,1773984252328,True,True
0,643.68,1.18117,0,0,1773984302131,False,True
0,643.6,0.11955,0,0,1773984396483,True,True
0,643.61,0.16162,0,0,1773984469720,False,True
0,642.71,0.00205,0,0,1773984618036,True,True
0,642.71,0.01916,0,0,1773984645531,True,True
0,642.5,0.11984,0,0,1773984879108,True,True
0,642.35,0.0268,0,0,1773984890238,False,True
0,642.35,0.10991,0,0,1773984890238,False,True
0,642.35,0.01829,0,0,1773984890238,False,True
0,642.44,0.14841,0,0,1773984930130,True,True
0,642.46,0.0268,0,0,1773984930130,True,True
0,642.47,0.0583,0,0,1773984930130,True,True
0,643.12,0.11195,0,0,1773985031139,True,True
0,643.45,1.364,0,0,1773985196215,True,True
0,643.35,0.03785,0,0,1773985201026,False,True
0,643.6,0.03635,0,0,1773985302163,False,True
0,643.6,0.00465,0,0,1773985302163,False,True
0,643.78,0.0742,0,0,1773985310591,True,True
0,643.86,0.1598,0,0,1773985310591,True,True
0,643.64,0.00876,0,0,1773985341170,True,True
0,643.9,0.04,0,0,1773985445578,True,True
0,643.91,0.1574,0,0,1773985567906,True,True
0,643.95,0.02363,0,0,1773985637845,False,True
0,643.72,0.14841,0,0,1773985926584,False,True
0,643.68,0.02326,0,0,1773985926584,False,True
0,643.65,0.03186,0,0,1773985974782,False,True
0,643.65,0.48523,0,0,1773986035794,False,True
0,643.65,0.079,0,0,1773986069046,False,True
0,643.65,0.04918,0,0,1773986080042,False,True
0,643.65,0.04918,0,0,1773986094633,False,True
0,643.09,0.0742,0,0,1773986350582,True,True
0,643.1,0.00355,0,0,1773986350582,True,True
0,643.15,0.0742,0,0,1773986354770,True,True
0,643.23,0.01653,0,0,1773986354770,True,True
0,643.24,0.00513,0,0,1773986354770,True,True
0,643.28,0.77778,0,0,1773986421116,False,True
0,643.29,1.18117,0,0,1773986679912,False,True
0,643.01,0.03775,0,0,1773986717397,True,True
0,642.61,0.04999,0,0,1773986857161,False,True
0,642.36,0.22604,0,0,1773987023608,True,True
0,642.18,0.0108,0,0,1773987067193,True,True
0,642.2,0.72802,0,0,1773987122139,True,True
0,642.42,0.00451,0,0,1773987316041,True,True
0,641.91,0.1771,0,0,1773987482605,True,True
0,641.91,0.62905,0,0,1773987482605,True,True
0,641.9,0.03194,0,0,1773987485785,False,True
0,641.69,0.07,0,0,1773987746155,True,True
0,642.07,0.0019,0,0,1773987972158,True,True
0,641.99,0.02761,0,0,1773987996836,True,True
0,641.99,0.26739,0,0,1773987996836,True,True
0,641.98,1.75492,0,0,1773988106401,False,True
0,641.98,0.04075,0,0,1773988106402,False,True
0,641.63,0.02325,0,0,1773988107908,False,True
0,641.62,0.1771,0,0,1773988107908,False,True
0,641.59,0.1484,0,0,1773988107908,False,True
0,641.58,0.43076,0,0,1773988107908,False,True
0,641.74,0.14841,0,0,1773988167227,True,True
0,641.75,0.0268,0,0,1773988167227,True,True
0,641.81,1.19279,0,0,1773988167227,True,True
0,642.47,2.53708,0,0,1773988203823,False,True
0,642.68,0.07782,0,0,1773988234413,True,True
0,642.03,0.01417,0,0,1773988338101,True,True
0,641.6,0.27482,0,0,1773988399671,False,True
0,641.6,0.27482,0,0,1773988399673,False,True
0,641.6,0.031,0,0,1773988400973,False,True
0,641.6,1.55527,0,0,1773988402170,False,True
0,641.44,0.00155,0,0,1773988404252,True,True
0,642.1,0.04456,0,0,1773988608689,False,True
0,641.85,0.01305,0,0,1773988800971,False,True
0,641.56,0.01462,0,0,1773988909199,False,True
0,642.1,0.01869,0,0,1773989164996,True,True
0,642.1,0.3326,0,0,1773989167369,True,True
0,642.28,0.46611,0,0,1773989339916,True,True
0,642.54,0.115,0,0,1773989519060,False,True
0,642.61,0.0122,0,0,1773989658743,True,True
0,642.51,0.00925,0,0,1773989989787,True,True
0,642.33,0.07305,0,0,1773990005144,True,True
0,640.82,4.458,0,0,1773990071878,False,True
0,640.61,0.0268,0,0,1773990071878,False,True
0,640.6,0.1771,0,0,1773990071878,False,True
0,640.54,2.102,0,0,1773990071878,False,True
0,640.53,0.1771,0,0,1773990071878,False,True
0,640.46,0.1771,0,0,1773990071878,False,True
0,640.42,1.77176,0,0,1773990071878,False,True
0,640.32,0.1771,0,0,1773990071878,False,True
0,640.19,0.06665,0,0,1773990071878,False,True
0,640.18,0.1771,0,0,1773990071878,False,True
0,640.18,0.28837,0,0,1773990071878,False,True
0,639.96,0.14841,0,0,1773990088394,False,True
0,639.92,0.06668,0,0,1773990088394,False,True
0,639.91,0.56623,0,0,1773990088394,False,True
0,640.3,0.00965,0,0,1773990173030,True,True
0,639.94,0.09081,0,0,1773990198411,False,True
0,640.23,0.0268,0,0,1773990254704,True,True
0,640.24,0.00382,0,0,1773990254704,True,True
0,640.82,0.01258,0,0,1773990361202,True,True
0,641.3,0.15467,0,0,1773990556821,False,True
0,640.53,1.5612,0,0,1773990873587,True,True
0,640.54,0.0578,0,0,1773990873587,True,True
0,640.6,1.56103,0,0,1773990873587,True,True
0,640.66,0.1771,0,0,1773990873587,True,True
0,640.66,0.90601,0,0,1773990873587,True,True
0,640.66,0.7709,0,0,1773990873587,True,True
0,640.66,0.29387,0,0,1773990873587,True,True
0,640.75,0.1771,0,0,1773990873587,True,True
0,640.83,0.63052,0,0,1773990873587,True,True
0,640.84,0.1771,0,0,1773990873587,True,True
0,640.86,8.97398,0,0,1773990873587,True,True
0,640.87,7.802,0,0,1773990873587,True,True
0,640.88,1.77176,0,0,1773990873587,True,True
0,640.91,0.13963,0,0,1773990873587,True,True
0,640.64,0.01551,0,0,1773990990266,True,True
0,642.52,0.07421,0,0,1773991473466,True,True
0,642.53,0.03041,0,0,1773991473466,True,True
0,642.37,0.14841,0,0,1773991496516,False,True
0,642.36,0.0268,0,0,1773991496516,False,True
0,642.32,0.20084,0,0,1773991496516,False,True
0,642.1,0.00208,0,0,1773991800077,True,True
0,642.06,0.154,0,0,1773991910698,False,True
0,643.26,0.14841,0,0,1773992038155,True,True
0,643.67,0.1771,0,0,1773992041565,True,True
0,643.73,0.0268,0,0,1773992041565,True,True
0,643.73,0.57285,0,0,1773992041565,True,True
0,643.23,0.0268,0,0,1773992051814,False,True
0,643.22,0.0268,0,0,1773992064289,True,True
0,643.23,0.24769,0,0,1773992064289,True,True
0,643.16,0.14841,0,0,1773992068944,False,True
0,643.16,0.1771,0,0,1773992068944,False,True
0,644.11,0.01578,0,0,1773992400981,False,True
0,644.5,0.01578,0,0,1773992779108,True,True
0,644.51,0.13486,0,0,1773992779108,True,True
0,644.51,0.01355,0,0,1773992789432,True,True
0,644.72,0.45866,0,0,1773992789432,True,True
0,644.11,0.033,0,0,1773992910599,True,True
0,644.16,0.04727,0,0,1773992926515,False,True
0,644.09,0.14841,0,0,1773993319546,False,True
0,644.08,0.00059,0,0,1773993319546,False,True
0,644.17,0.127,0,0,1773993416406,True,True
0,644.15,0.00276,0,0,1773993470187,True,True
0,644.23,0.14565,0,0,1773993651765,True,True
0,644.24,0.08491,0,0,1773993651765,True,True
0,644.02,0.06732,0,0,1773993690824,True,True
0,644.04,0.335,0,0,1773993804928,True,True
0,643.96,0.02139,0,0,1773993829120,True,True
0,644.09,0.01607,0,0,1773993867144,True,True
0,643.99,0.16725,0,0,1773993923627,False,True
0,644.26,0.02476,0,0,1773993960008,True,True
0,644.37,0.026,0,0,1773993968454,True,True
0,645.07,0.04044,0,0,1773994064199,True,True
0,646.0,0.0667,0,0,1773994167754,True,True
0,646.19,0.70724,0,0,1773994167754,True,True
0,646.1,0.00925,0,0,1773994171261,False,True
0,646.79,0.1771,0,0,1773994216682,True,True
0,646.8,0.59592,0,0,1773994216682,True,True
0,646.74,0.0268,0,0,1773994218955,False,True
0,646.72,0.14841,0,0,1773994218955,False,True
0,646.65,0.59801,0,0,1773994218955,False,True
0,646.81,0.05047,0,0,1773994237415,True,True
0,647.48,0.01717,0,0,1773994241970,False,True
0,647.12,0.06594,0,0,1773994248564,False,True
0,647.11,0.70657,0,0,1773994248564,False,True
0,647.22,0.01502,0,0,1773994297261,True,True
0,647.14,0.23351,0,0,1773994377168,False,True
0,646.88,0.01258,0,0,1773994415400,False,True
0,646.66,0.77343,0,0,1773994422701,False,True
0,646.86,0.01502,0,0,1773994488093,False,True
0,646.85,0.00029,0,0,1773994488093,False,True
0,646.73,0.01531,0,0,1773994508118,False,True
0,646.55,0.05357,0,0,1773994537313,True,True
0,646.54,0.02063,0,0,1773994629222,True,True
0,646.54,0.01137,0,0,1773994629222,True,True
0,646.43,0.05886,0,0,1773994665143,False,True
0,646.59,0.0268,0,0,1773994843351,True,True
0,646.6,0.3012,0,0,1773994843351,True,True
0,646.84,0.061,0,0,1773995135570,True,True
0,646.84,0.01321,0,0,1773995136885,True,True
0,646.85,0.76556,0,0,1773995136885,True,True
0,646.52,0.1771,0,0,1773995398596,True,True
0,646.53,0.13998,0,0,1773995398596,True,True
0,646.35,0.00189,0,0,1773995404110,True,True
0,645.98,0.04509,0,0,1773995427317,True,True
0,646.43,0.00778,0,0,1773995467081,False,True
0,646.12,0.06642,0,0,1773995482216,False,True
0,646.06,0.0268,0,0,1773995482216,False,True
0,646.05,0.68075,0,0,1773995482216,False,True
0,646.02,0.04496,0,0,1773995505391,False,True
0,646.56,0.1771,0,0,1773995785997,False,True
0,646.55,0.0229,0,0,1773995785997,False,True
0,646.43,0.1547,0,0,1773995915913,True,True
0,646.91,0.01492,0,0,1773996073947,True,True
0,646.67,0.23033,0,0,1773996394453,False,True
0,646.18,0.02171,0,0,1773996756859,True,True
0,646.19,0.02329,0,0,1773996756859,True,True
0,646.26,0.03097,0,0,1773996802936,False,True
0,646.17,0.00228,0,0,1773996896425,True,True
0,646.58,0.03772,0,0,1773997165331,True,True
0,645.62,0.11193,0,0,1773997262536,False,True
0,645.61,0.66274,0,0,1773997262536,False,True
0,645.67,0.03868,0,0,1773997713708,True,True
0,645.42,0.03868,0,0,1773998011470,False,True
0,645.33,0.0386,0,0,1773998039171,False,True
0,644.01,0.0386,0,0,1773998250870,True,True
0,643.06,0.01428,0,0,1773998436361,True,True
0,643.03,0.05992,0,0,1773998486313,True,True
0,643.11,0.0268,0,0,1773998486313,True,True
0,643.12,0.12828,0,0,1773998486313,True,True
0,642.41,0.01541,0,0,1773998692036,True,True
0,641.69,0.0742,0,0,1773998777499,False,True
0,641.6,0.0268,0,0,1773998777499,False,True
0,641.59,0.0665,0,0,1773998777499,False,True
0,641.58,0.61165,0,0,1773998777499,False,True
0,642.03,0.036,0,0,1773998803267,True,True
0,642.07,0.77877,0,0,1773999046153,False,True
0,642.9,0.03587,0,0,1773999192174,True,True
0,642.7,0.0389,0,0,1773999253996,True,True
0,643.07,0.03764,0,0,1773999339802,True,True
0,643.13,0.0268,0,0,1773999339881,True,True
0,643.21,1.5547,0,0,1773999339881,True,True
0,643.17,0.023,0,0,1773999459598,True,True
0,643.17,0.07,0,0,1773999464753,True,True
0,643.11,0.02208,0,0,1773999601038,False,True
0,642.86,0.02114,0,0,1773999976150,True,True
0,642.86,0.05231,0,0,1773999976150,True,True
0,642.55,0.02398,0,0,1774000162646,True,True
0,641.16,0.10071,0,0,1774000476854,False,True
0,641.79,0.01013,0,0,1774000533085,True,True
0,642.09,0.02208,0,0,1774000819491,True,True
0,642.1,0.09058,0,0,1774000819491,True,True
0,642.13,2.53393,0,0,1774000819491,True,True
0,642.14,1.55731,0,0,1774000819491,True,True
0,642.18,0.90601,0,0,1774000819491,True,True
0,642.19,0.1771,0,0,1774000819491,True,True
0,642.2,1.55714,0,0,1774000819491,True,True
0,642.21,0.0002,0,0,1774000819491,True,True
0,641.94,1.55777,0,0,1774000862334,True,True
0,641.95,0.7992,0,0,1774000862334,True,True
0,641.97,0.90601,0,0,1774000862334,True,True
0,641.98,1.55768,0,0,1774000862334,True,True
0,642.04,0.17456,0,0,1774000862334,True,True
0,642.04,0.1771,0,0,1774000862334,True,True
0,642.1,1.16808,0,0,1774000862334,True,True
0,642.11,0.52001,0,0,1774000862334,True,True
0,641.91,0.0268,0,0,1774000863088,False,True
0,641.9,0.14841,0,0,1774000863088,False,True
0,641.76,0.04479,0,0,1774000863088,False,True
0,641.76,0.1771,0,0,1774000891099,False,True
0,641.71,0.04877,0,0,1774000891099,False,True
0,641.86,0.02208,0,0,1774000906452,True,True
0,641.87,0.0268,0,0,1774000930074,True,True
0,641.88,0.1771,0,0,1774000930074,True,True
0,641.88,0.12633,0,0,1774000930074,True,True
0,641.9,0.90601,0,0,1774000930074,True,True
0,641.91,1.55785,0,0,1774000930074,True,True
0,641.93,0.10862,0,0,1774000930074,True,True
0,641.99,1.55766,0,0,1774000930074,True,True
0,642.01,0.1771,0,0,1774000930074,True,True
0,642.04,0.66513,0,0,1774000930074,True,True
0,642.08,0.1771,0,0,1774000930074,True,True
0,642.15,1.37911,0,0,1774000930074,True,True
0,641.96,1.55772,0,0,1774000955168,True,True
0,641.97,0.90601,0,0,1774000955168,True,True
0,641.98,1.55768,0,0,1774000955168,True,True
0,642.04,0.13933,0,0,1774000955168,True,True
0,642.09,0.1771,0,0,1774000955168,True,True
0,642.1,2.52225,0,0,1774000955168,True,True
0,641.87,1.55794,0,0,1774000981925,True,True
0,641.87,1.55794,0,0,1774000981925,True,True
0,641.87,0.12665,0,0,1774000981925,True,True
0,641.9,0.90601,0,0,1774000981925,True,True
0,641.91,2.71185,0,0,1774000981925,True,True
0,641.48,0.0268,0,0,1774000992886,False,True
0,641.37,0.14841,0,0,1774000992886,False,True
0,641.36,0.1771,0,0,1774000992886,False,True
0,641.31,0.06653,0,0,1774000992886,False,True
0,641.3,1.77176,0,0,1774000992886,False,True
0,641.29,0.1771,0,0,1774000992886,False,True
0,641.29,1.55933,0,0,1774000992886,False,True
0,641.27,0.61366,0,0,1774000992886,False,True
0,641.2,1.55955,0,0,1774000992886,False,True
0,641.17,0.1771,0,0,1774000992886,False,True
0,641.16,0.5831,0,0,1774000992886,False,True
0,641.38,0.14841,0,0,1774001023867,True,True
0,641.39,0.0268,0,0,1774001023867,True,True
0,641.42,1.55904,0,0,1774001023867,True,True
0,641.46,0.90601,0,0,1774001023867,True,True
0,641.5,0.1771,0,0,1774001023867,True,True
0,641.54,1.55876,0,0,1774001023867,True,True
0,641.57,0.1771,0,0,1774001023867,True,True
0,641.63,0.64073,0,0,1774001023867,True,True
0,641.65,0.1771,0,0,1774001023867,True,True
0,641.69,1.09306,0,0,1774001023867,True,True
0,641.54,1.55874,0,0,1774001044503,True,True
0,641.54,1.55874,0,0,1774001044503,True,True
0,641.55,0.90601,0,0,1774001044503,True,True
0,641.62,0.1771,0,0,1774001044503,True,True
0,641.68,2.65941,0,0,1774001044503,True,True
0,641.7,1.55836,0,0,1774001063755,True,True
0,641.74,0.50394,0,0,1774001063755,True,True
0,641.71,0.1771,0,0,1774001125664,False,True
0,641.59,0.0268,0,0,1774001125664,False,True
0,641.59,0.14841,0,0,1774001125664,False,True
0,641.58,0.06651,0,0,1774001125664,False,True
0,641.57,1.77176,0,0,1774001125664,False,True
0,641.55,1.55872,0,0,1774001125664,False,True
0,641.53,0.1771,0,0,1774001125664,False,True
0,641.47,0.10087,0,0,1774001125664,False,True
0,641.46,0.02839,0,0,1774001280943,False,True
0,641.46,0.12002,0,0,1774001281544,False,True
0,640.94,0.008,0,0,1774001354054,True,True
0,640.81,0.00557,0,0,1774001377036,True,True
0,640.81,0.13484,0,0,1774001395059,True,True
0,640.69,0.1771,0,0,1774001445032,False,True
0,640.61,0.06661,0,0,1774001445032,False,True
0,640.6,1.56101,0,0,1774001445032,False,True
0,640.58,0.1771,0,0,1774001445032,False,True
0,640.56,1.87241,0,0,1774001445032,False,True
0,640.55,1.19732,0,0,1774001445032,False,True
0,640.72,0.1771,0,0,1774001545304,False,True
0,640.66,0.0543,0,0,1774001545304,False,True
0,640.97,0.14841,0,0,1774001562967,True,True
0,640.98,0.0268,0,0,1774001562967,True,True
0,641.0,0.54419,0,0,1774001562967,True,True
0,641.04,0.0606,0,0,1774001562967,True,True
0,641.14,0.041,0,0,1774001591539,True,True
0,641.14,0.01246,0,0,1774001592652,True,True
0,641.66,0.00187,0,0,1774001955806,False,True
0,641.66,0.0363,0,0,1774002001081,False,True
0,640.66,1.08273,0,0,1774002203665,True,True
0,640.87,0.00227,0,0,1774002329360,False,True
0,641.51,0.0553,0,0,1774002458443,True,True
0,641.28,0.06948,0,0,1774002570691,True,True
0,641.4,0.01544,0,0,1774002664233,True,True
0,641.44,0.02072,0,0,1774002727528,True,True
0,641.65,0.02072,0,0,1774002786901,False,True
0,641.69,0.15353,0,0,1774002811947,True,True
0,642.84,0.15556,0,0,1774003193223,True,True
0,642.92,0.03771,0,0,1774003201064,False,True
0,643.76,0.02299,0,0,1774003275644,True,True
0,643.77,0.03771,0,0,1774003275644,True,True
0,643.79,0.92626,0,0,1774003275644,True,True
0,643.39,0.0268,0,0,1774003374063,False,True
0,643.38,0.14841,0,0,1774003374063,False,True
0,642.93,0.1771,0,0,1774003374344,False,True
0,642.89,0.06637,0,0,1774003374344,False,True
0,642.88,1.55548,0,0,1774003374344,False,True
0,642.86,0.1771,0,0,1774003374344,False,True
0,642.83,0.66081,0,0,1774003374344,False,True
0,642.79,0.1771,0,0,1774003374344,False,True
0,642.72,0.1771,0,0,1774003374344,False,True
0,642.71,0.43852,0,0,1774003374344,False,True
0,643.06,0.1771,0,0,1774003378787,False,True
0,643.05,0.06635,0,0,1774003378787,False,True
0,643.04,1.54854,0,0,1774003378787,False,True
0,643.28,0.03078,0,0,1774003466759,True,True
0,643.23,0.09666,0,0,1774003482460,True,True
0,643.42,1.77176,0,0,1774003605288,False,True
0,643.41,0.92469,0,0,1774003605288,False,True
0,643.13,0.19385,0,0,1774003832803,True,True
0,643.11,0.04342,0,0,1774004204613,True,True
0,643.17,0.54358,0,0,1774004204613,True,True
0,643.07,0.0102,0,0,1774004308641,True,True
0,643.29,0.00408,0,0,1774004400130,True,True
0,644.04,0.1771,0,0,1774004597120,False,True
0,644.01,0.0659,0,0,1774004597120,False,True
0,643.95,0.06989,0,0,1774004814582,True,True
0,643.98,0.0268,0,0,1774005020171,True,True
0,643.99,0.1771,0,0,1774005020171,True,True
0,644.02,0.0659,0,0,1774005020171,True,True
0,644.03,0.2952,0,0,1774005020171,True,True
0,643.75,0.06766,0,0,1774005365039,True,True
0,643.28,1.55453,0,0,1774005600361,True,True
0,643.32,0.78875,0,0,1774005600361,True,True
0,643.2,0.0268,0,0,1774005755644,False,True
0,643.19,0.01033,0,0,1774005755644,False,True
0,643.26,0.01617,0,0,1774005768243,True,True
0,643.02,0.00541,0,0,1774005835387,True,True
0,642.88,0.00151,0,0,1774006206837,True,True
0,642.92,0.008,0,0,1774006231732,True,True
0,642.99,0.05499,0,0,1774006394376,True,True
0,640.85,0.05572,0,0,1774006759828,True,True
0,641.16,0.00154,0,0,1774006784031,True,True
0,641.05,0.08432,0,0,1774006800991,False,True
0,641.46,0.01133,0,0,1774007005946,True,True
0,641.46,0.00731,0,0,1774007034471,True,True
0,641.74,0.1771,0,0,1774007034471,True,True
0,641.75,0.85483,0,0,1774007034471,True,True
0,641.38,0.0129,0,0,1774007104913,True,True
0,641.42,1.55904,0,0,1774007104913,True,True
0,641.43,0.1771,0,0,1774007104913,True,True
0,641.45,0.90601,0,0,1774007104913,True,True
0,641.46,0.38863,0,0,1774007104913,True,True
0,640.87,0.06942,0,0,1774007169599,False,True
0,642.38,0.06942,0,0,1774008049836,True,True
0,642.39,1.55668,0,0,1774008049836,True,True
0,642.18,0.01985,0,0,1774008132724,False,True
0,642.17,0.14841,0,0,1774008132724,False,True
0,642.26,0.01073,0,0,1774008217976,True,True
0,642.39,0.57234,0,0,1774008273129,True,True
0,642.34,0.28646,0,0,1774008321283,True,True
0,642.55,0.13768,0,0,1774008380538,True,True
0,642.56,0.07432,0,0,1774008380538,True,True
0,643.25,0.1771,0,0,1774008426125,True,True
0,643.26,0.0268,0,0,1774008426125,True,True
0,643.27,0.5734,0,0,1774008426125,True,True
0,643.19,0.0268,0,0,1774008437351,False,True
0,643.18,0.17608,0,0,1774008437351,False,True
0,643.41,0.0052,0,0,1774008613248,True,True
0,643.25,0.00305,0,0,1774008720484,True,True
0,643.46,0.02867,0,0,1774008845977,True,True
0,642.95,0.14841,0,0,1774009046291,False,True
0,642.94,0.1771,0,0,1774009046291,False,True
0,642.92,0.3486,0,0,1774009046291,False,True
0,642.86,0.1771,0,0,1774009151794,False,True
0,642.85,0.03757,0,0,1774009151794,False,True
0,643.14,0.14841,0,0,1774009341716,True,True
0,643.17,0.0268,0,0,1774009341716,True,True
0,643.18,0.04239,0,0,1774009341716,True,True
0,643.38,0.11599,0,0,1774009393543,True,True
0,643.1,0.05442,0,0,1774009470945,True,True
0,643.22,0.85887,0,0,1774009484934,True,True
0,642.45,0.02006,0,0,1774009679652,True,True
0,642.45,0.284,0,0,1774009681803,True,True
0,642.61,0.0357,0,0,1774009740318,True,True
0,642.67,0.01887,0,0,1774009779942,True,True
0,642.31,0.02153,0,0,1774009840006,True,True
0,642.2,0.02026,0,0,1774009855456,True,True
0,641.45,0.01819,0,0,1774009981243,False,True
0,641.57,0.14841,0,0,1774010050868,False,True
0,641.55,0.00861,0,0,1774010050868,False,True
0,641.62,0.0268,0,0,1774010255942,True,True
0,641.81,0.38185,0,0,1774010286462,True,True
0,641.49,0.1771,0,0,1774010367159,True,True
0,641.5,0.0742,0,0,1774010367159,True,True
0,641.54,0.6847,0,0,1774010367159,True,True
0,641.24,0.01615,0,0,1774010400961,False,True
0,640.81,0.24846,0,0,1774010558085,True,True
0,641.31,0.57283,0,0,1774010862356,True,True
0,641.37,1.55918,0,0,1774010862356,True,True
0,641.4,0.01615,0,0,1774010862356,True,True
0,641.41,1.55908,0,0,1774010862356,True,True
0,641.45,0.1771,0,0,1774010862356,True,True
0,641.49,0.90601,0,0,1774010862356,True,True
0,641.52,0.1771,0,0,1774010862356,True,True
0,641.58,0.07421,0,0,1774010862356,True,True
0,641.59,0.1771,0,0,1774010862356,True,True
0,641.59,0.48997,0,0,1774010862356,True,True
0,641.44,0.18403,0,0,1774010891500,True,True
0,640.93,0.0268,0,0,1774010919063,False,True
0,640.85,1.77176,0,0,1774010919063,False,True
0,640.84,0.14841,0,0,1774010919063,False,True
0,640.83,0.1771,0,0,1774010919063,False,True
0,640.77,0.06659,0,0,1774010919063,False,True
0,640.76,1.56062,0,0,1774010919063,False,True
0,640.74,0.1771,0,0,1774010919063,False,True
0,640.69,0.65009,0,0,1774010919063,False,True
0,640.67,0.1771,0,0,1774010919063,False,True
0,640.67,1.13719,0,0,1774010919063,False,True
0,641.3,0.79166,0,0,1774011156728,True,True
0,641.57,0.0268,0,0,1774011164242,True,True
0,641.57,0.0268,0,0,1774011164242,True,True
0,641.58,0.0114,0,0,1774011164242,True,True
0,641.54,0.13701,0,0,1774011195810,True,True
0,641.54,0.01579,0,0,1774011195810,True,True
0,641.58,0.073,0,0,1774011225386,True,True
0,641.59,0.778,0,0,1774011228705,True,True
0,641.37,0.01544,0,0,1774011320847,True,True
0,641.36,0.01314,0,0,1774011353638,True,True
0,641.16,0.14,0,0,1774011451118,False,True
0,641.26,0.033,0,0,1774011452956,True,True
0,641.25,0.01544,0,0,1774011514040,True,True
0,642.01,0.0385,0,0,1774011836273,True,True
0,641.96,0.1015,0,0,1774011907913,True,True
0,641.99,0.1815,0,0,1774011907913,True,True
0,641.96,0.01512,0,0,1774011978422,True,True
0,641.43,0.1771,0,0,1774012240842,True,True
0,641.47,0.67804,0,0,1774012240842,True,True
0,640.97,0.1771,0,0,1774012292460,False,True
0,640.97,0.36532,0,0,1774012292460,False,True
0,641.79,0.073,0,0,1774012798003,True,True
0,642.31,0.03099,0,0,1774012822517,True,True
0,642.29,0.01529,0,0,1774012832985,True,True
0,642.23,0.0268,0,0,1774012899796,False,True
0,642.15,0.1771,0,0,1774012899796,False,True
0,642.11,0.30139,0,0,1774012899796,False,True
0,642.1,0.5645,0,0,1774013008400,True,True
0,642.07,0.04447,0,0,1774013067805,True,True
0,642.83,0.1771,0,0,1774013137373,True,True
0,642.85,0.0268,0,0,1774013137373,True,True
0,642.86,0.092,0,0,1774013137373,True,True
0,640.52,0.03863,0,0,1774013498280,True,True
0,640.3,0.01449,0,0,1774013603271,True,True
0,639.26,0.14841,0,0,1774013712162,False,True
0,639.06,0.0268,0,0,1774013712162,False,True
0,638.97,0.1771,0,0,1774013712162,False,True
0,639.36,0.03863,0,0,1774013738967,False,True
0,639.37,0.07269,0,0,1774013747236,False,True
0,639.92,0.14841,0,0,1774013764334,True,True
0,640.0,0.63279,0,0,1774013764334,True,True
0,640.0,7.91107,0,0,1774013778929,True,True
0,640.0,8.24209,0,0,1774013778936,True,True
0,640.0,9.84676,0,0,1774013778937,True,True
0,640.0,0.27516,0,0,1774013778937,True,True
0,639.9,0.14841,0,0,1774013800745,False,True
0,640.05,0.1771,0,0,1774013812204,False,True
0,640.0,0.06667,0,0,1774013812204,False,True
0,639.95,0.1771,0,0,1774013812205,False,True
0,639.73,8.53546,0,0,1774013812207,False,True
0,639.82,0.11463,0,0,1774013812213,False,True
0,638.83,0.0685,0,0,1774013812307,False,True
0,639.45,0.02066,0,0,1774014001053,False,True
0,639.62,0.00646,0,0,1774014017833,False,True
0,639.77,0.02564,0,0,1774014102374,True,True
0,639.78,0.75617,0,0,1774014102374,True,True
0,640.18,0.07739,0,0,1774014111144,True,True
0,640.48,0.1771,0,0,1774014177511,False,True
0,640.46,0.06662,0,0,1774014177511,False,True
0,640.45,0.53677,0,0,1774014177511,False,True
0,642.19,0.14841,0,0,1774014216200,True,True
0,642.32,0.0268,0,0,1774014216200,True,True
0,642.38,0.02337,0,0,1774014216200,True,True
0,642.39,0.1771,0,0,1774014216200,True,True
0,642.45,0.40277,0,0,1774014216200,True,True
0,642.22,0.14841,0,0,1774014223173,False,True
0,642.13,0.0268,0,0,1774014223181,False,True
0,641.51,0.14841,0,0,1774014226444,False,True
0,641.34,0.06653,0,0,1774014226444,False,True
0,641.33,0.56458,0,0,1774014226444,False,True
0,641.11,0.14841,0,0,1774014237532,True,True
0,641.0,0.77999,0,0,1774014245799,False,True
0,640.77,0.78032,0,0,1774014271979,False,True
0,641.24,0.77985,0,0,1774014314086,False,True
0,641.18,0.06655,0,0,1774014373618,False,True
0,640.72,0.00177,0,0,1774014392399,False,True
0,640.93,0.01566,0,0,1774014575655,True,True
0,639.26,0.00304,0,0,1774014704896,True,True
0,639.37,0.02147,0,0,1774014854644,True,True
0,639.17,0.01437,0,0,1774014977584,True,True
0,638.35,0.05047,0,0,1774015112214,False,True
0,637.79,0.1771,0,0,1774015175051,True,True
0,637.8,0.09104,0,0,1774015175051,True,True
0,637.93,0.0108,0,0,1774015198502,True,True
0,637.7,0.0742,0,0,1774015218232,True,True
0,637.71,0.08175,0,0,1774015218232,True,True
0,637.35,0.03913,0,0,1774015233098,True,True
0,637.71,0.10495,0,0,1774015257832,True,True
0,637.12,0.01449,0,0,1774015276820,False,True
0,637.11,0.01246,0,0,1774015303958,False,True
0,637.8,1.0,0,0,1774015369814,True,True
0,638.22,0.0177,0,0,1774015389236,True,True
0,638.78,0.1771,0,0,1774015390849,True,True
0,638.85,0.1771,0,0,1774015390849,True,True
0,638.85,0.17017,0,0,1774015390849,True,True
0,638.89,0.25853,0,0,1774015390849,True,True
0,638.49,0.02671,0,0,1774015413604,False,True
0,638.48,0.0742,0,0,1774015413604,False,True
0,638.88,0.116,0,0,1774015475367,False,True
0,639.06,0.0268,0,0,1774015485727,True,True
0,639.09,0.05081,0,0,1774015485727,True,True
0,639.16,0.13498,0,0,1774015485727,True,True
0,639.55,0.14841,0,0,1774015524298,True,True
0,639.56,1.56357,0,0,1774015524298,True,True
0,639.56,1.56357,0,0,1774015524298,True,True
0,639.63,0.1771,0,0,1774015524300,True,True
0,639.74,0.70417,0,0,1774015524301,True,True
0,639.72,0.14547,0,0,1774015524306,True,True
0,639.89,8.04171,0,0,1774015524306,True,True
0,639.89,0.93227,0,0,1774015524308,True,True
0,640.61,0.01548,0,0,1774015536399,True,True
0,640.57,0.15237,0,0,1774015539845,True,True
0,640.4,0.13253,0,0,1774015653008,True,True
0,639.98,0.1771,0,0,1774015668594,False,True
0,639.95,0.0268,0,0,1774015668594,False,True
0,639.09,0.14841,0,0,1774015733464,False,True
0,640.53,0.01546,0,0,1774015872035,True,True
0,638.65,0.1771,0,0,1774016012812,False,True
0,638.62,0.10367,0,0,1774016012812,False,True
0,637.86,0.1771,0,0,1774016015741,False,True
0,637.83,0.0669,0,0,1774016015741,False,True
0,637.82,0.53981,0,0,1774016015741,False,True
0,638.1,0.00372,0,0,1774016247194,False,True
0,637.8,0.0268,0,0,1774016280728,True,True
0,636.95,0.0268,0,0,1774016446126,False,True
0,636.94,0.06699,0,0,1774016446126,False,True
0,636.93,0.09419,0,0,1774016446126,False,True
0,637.5,0.13295,0,0,1774016540227,True,True
0,637.51,0.0268,0,0,1774016540227,True,True
0,637.52,0.69697,0,0,1774016540227,True,True
0,637.86,0.01414,0,0,1774016622965,True,True
0,638.75,0.78321,0,0,1774016649703,True,True
0,639.97,0.20729,0,0,1774016832965,True,True
0,640.62,0.02318,0,0,1774016848036,True,True
0,640.32,0.04802,0,0,1774016885918,True,True
0,640.28,0.1771,0,0,1774016967347,True,True
0,640.29,0.3279,0,0,1774016967347,True,True
0,639.91,0.01711,0,0,1774016993577,False,True
0,640.48,0.00751,0,0,1774017008949,True,True
0,640.81,0.0096,0,0,1774017125166,True,True
0,640.84,1.42132,0,0,1774017125166,True,True
0,641.68,0.0268,0,0,1774017177546,False,True
0,641.6,0.0742,0,0,1774017177546,False,True
0,641.58,0.1771,0,0,1774017177546,False,True
0,641.54,0.06651,0,0,1774017177546,False,True
0,641.53,6.65539,0,0,1774017177546,False,True
0,641.83,0.02931,0,0,1774017362213,True,True
0,641.83,0.0293,0,0,1774017362275,True,True
0,640.89,0.11455,0,0,1774017496588,True,True
0,640.96,0.07,0,0,1774017526146,True,True
0,642.1,0.0268,0,0,1774017578236,True,True
0,642.11,0.6662,0,0,1774017578236,True,True
0,641.32,0.07033,0,0,1774017601139,False,True
0,641.4,0.055,0,0,1774017625173,True,True
0,641.53,1.59942,0,0,1774017695545,False,True
0,641.58,0.00223,0,0,1774017709038,True,True
0,641.12,0.05888,0,0,1774017766645,False,True
0,641.11,0.0268,0,0,1774017766645,False,True
0,641.02,0.06656,0,0,1774017766645,False,True
0,641.01,0.63055,0,0,1774017766645,False,True
0,641.01,0.04782,0,0,1774017961462,True,True
0,640.68,0.01957,0,0,1774018176165,False,True
0,639.36,0.05039,0,0,1774018553792,True,True
0,639.77,0.1771,0,0,1774018561959,True,True
0,639.78,0.0742,0,0,1774018561959,True,True
0,639.79,0.1771,0,0,1774018561959,True,True
0,639.8,0.7276,0,0,1774018561959,True,True
0,639.53,0.01673,0,0,1774018575993,True,True
0,638.76,0.0742,0,0,1774018654092,False,True
0,638.76,0.1771,0,0,1774018654092,False,True
0,638.74,0.0668,0,0,1774018654092,False,True
0,638.73,0.46458,0,0,1774018654092,False,True
0,639.24,0.0268,0,0,1774018682537,True,True
0,639.24,0.1771,0,0,1774018682537,True,True
0,639.26,0.1771,0,0,1774018682537,True,True
0,639.3,0.14841,0,0,1774018682537,True,True
0,639.33,0.25275,0,0,1774018682537,True,True
0,639.26,0.15333,0,0,1774018699712,True,True
0,639.1,0.14841,0,0,1774018704499,False,True
0,639.09,0.30376,0,0,1774018704499,False,True
0,639.27,1.21,0,0,1774018807605,False,True
0,639.33,0.00764,0,0,1774018815804,True,True
0,638.49,0.00449,0,0,1774019487005,True,True
0,639.33,0.00738,0,0,1774019742056,False,True
0,638.14,0.00897,0,0,1774019959016,True,True
0,638.52,0.00726,0,0,1774020069731,True,True
0,638.33,0.06656,0,0,1774020109134,True,True
0,638.35,0.00244,0,0,1774020109134,True,True
0,638.39,0.00753,0,0,1774020113182,True,True
0,638.39,0.01829,0,0,1774020143479,True,True
0,639.5,0.195,0,0,1774020208887,True,True
0,639.65,0.1771,0,0,1774020208887,True,True
0,640.69,1.05,0,0,1774020214263,True,True
0,640.69,0.42442,0,0,1774020214264,True,True
0,640.73,0.1771,0,0,1774020221962,False,True
0,640.54,0.03864,0,0,1774020247037,True,True
0,639.34,0.0342,0,0,1774020438533,False,True
0,639.64,0.0268,0,0,1774020469301,False,True
0,639.63,0.1771,0,0,1774020469301,False,True
0,639.54,0.06672,0,0,1774020469318,False,True
0,639.54,0.1771,0,0,1774020469318,False,True
0,639.53,2.75618,0,0,1774020469318,False,True
0,639.53,0.37111,0,0,1774020469323,False,True
0,639.53,0.1771,0,0,1774020469323,False,True
0,639.48,1.77176,0,0,1774020469323,False,True
0,639.47,0.04,0,0,1774020469323,False,True
0,639.47,0.04003,0,0,1774020469323,False,True
0,639.47,0.08018,0,0,1774020469324,False,True
0,639.47,0.05689,0,0,1774020469359,False,True
0,639.46,0.26708,0,0,1774020469359,False,True
0,639.46,0.0256,0,0,1774020469362,False,True
0,639.5,0.1771,0,0,1774020469384,False,True
0,639.46,0.53719,0,0,1774020469384,False,True
0,639.46,0.23,0,0,1774020469385,False,True
0,639.46,0.27,0,0,1774020469387,False,True
0,639.46,0.23,0,0,1774020469389,False,True
0,639.46,0.00394,0,0,1774020469391,False,True
0,639.26,0.46606,0,0,1774020469391,False,True
0,639.26,0.71,0,0,1774020469391,False,True
0,639.26,7.79792,0,0,1774020469394,False,True
0,639.25,7.79792,0,0,1774020469394,False,True
0,639.25,0.0237,0,0,1774020469395,False,True
0,639.09,0.3563,0,0,1774020469395,False,True
0,639.1,0.1771,0,0,1774020469400,False,True
0,639.02,0.1771,0,0,1774020469400,False,True
0,638.96,0.1858,0,0,1774020469400,False,True
0,638.96,0.71429,0,0,1774020469401,False,True
0,638.96,0.71429,0,0,1774020469401,False,True
0,638.96,0.23,0,0,1774020469401,False,True
0,639.02,0.1771,0,0,1774020469454,False,True
0,638.9,0.1771,0,0,1774020469454,False,True
0,638.9,0.12431,0,0,1774020469454,False,True
0,638.83,0.08291,0,0,1774020469457,False,True
0,638.7,0.1771,0,0,1774020469459,False,True
0,638.63,0.14687,0,0,1774020469459,False,True
0,638.63,0.03023,0,0,1774020469465,False,True
0,638.6,0.19977,0,0,1774020469465,False,True
0,638.6,0.23578,0,0,1774020469465,False,True
0,638.66,0.07,0,0,1774020469469,False,True
0,638.66,0.1071,0,0,1774020469470,False,True
0,638.6,0.37141,0,0,1774020469470,False,True
0,638.6,0.23,0,0,1774020469472,False,True
0,638.6,0.26995,0,0,1774020469479,False,True
0,638.66,0.1771,0,0,1774020469529,False,True
0,638.6,0.30141,0,0,1774020469529,False,True
0,638.6,0.02472,0,0,1774020469530,False,True
0,638.6,0.1771,0,0,1774020469530,False,True
0,638.56,0.1771,0,0,1774020469530,False,True
0,638.53,0.23269,0,0,1774020469530,False,True
0,638.61,0.47,0,0,1774020469535,False,True
0,638.61,0.71,0,0,1774020469535,False,True
0,638.61,0.07143,0,0,1774020469537,False,True
0,638.67,0.1771,0,0,1774020469541,False,True
0,638.54,0.30141,0,0,1774020469541,False,True
0,638.54,0.54018,0,0,1774020469541,False,True
0,638.54,0.23,0,0,1774020469541,False,True
0,638.6,0.1771,0,0,1774020469695,False,True
0,638.53,0.14687,0,0,1774020469695,False,True
0,639.09,0.0268,0,0,1774020469921,True,True
0,639.09,0.0322,0,0,1774020469921,True,True
0,639.09,0.13885,0,0,1774020469938,True,True
0,639.17,0.03825,0,0,1774020469938,True,True
0,639.17,0.13885,0,0,1774020469939,True,True
0,639.24,0.03825,0,0,1774020469939,True,True
0,638.91,0.1771,0,0,1774020470058,False,True
0,638.93,0.0268,0,0,1774020470287,False,True
0,638.97,0.1771,0,0,1774020471822,False,True
0,639.59,0.09725,0,0,1774020559940,True,True
0,639.59,0.10175,0,0,1774020559940,True,True
0,639.49,0.05416,0,0,1774020572287,True,True
0,639.45,0.0268,0,0,1774020613342,True,True
0,639.46,0.00441,0,0,1774020613342,True,True
0,639.17,0.04225,0,0,1774020662212,True,True
0,639.18,0.02291,0,0,1774020662212,True,True
0,639.33,0.04225,0,0,1774020672618,True,True
0,639.33,0.42675,0,0,1774020672618,True,True
0,639.33,0.00752,0,0,1774020677848,True,True
0,639.66,0.106,0,0,1774020738569,True,True
0,640.37,0.04225,0,0,1774020902646,False,True
0,639.75,0.05059,0,0,1774021024189,True,True
0,639.95,0.03,0,0,1774021080456,False,True
0,640.03,0.01579,0,0,1774021189610,True,True
0,640.03,0.00188,0,0,1774021189610,True,True
0,639.83,0.0379,0,0,1774021201226,False,True
0,639.84,0.04489,0,0,1774021233225,False,True
0,639.75,0.07661,0,0,1774021307246,True,True
0,639.99,0.06667,0,0,1774021335994,False,True
0,639.98,0.08011,0,0,1774021335994,False,True
0,640.12,0.03811,0,0,1774021336115,True,True
0,640.24,0.05889,0,0,1774021441268,True,True
0,640.25,0.03411,0,0,1774021441268,True,True
0,640.11,0.1771,0,0,1774021446098,True,True
0,640.16,1.38964,0,0,1774021446098,True,True
0,639.9,0.10723,0,0,1774021521811,True,True
0,639.9,0.03735,0,0,1774021522873,True,True
0,639.79,0.14841,0,0,1774021550055,False,True
0,639.69,0.00857,0,0,1774021550055,False,True
0,639.98,0.00266,0,0,1774021555296,True,True
0,639.95,1.56262,0,0,1774021565141,True,True
0,639.96,0.14575,0,0,1774021565141,True,True
0,639.96,0.1771,0,0,1774021565141,True,True
0,639.98,0.00857,0,0,1774021565141,True,True
0,639.99,1.56252,0,0,1774021565141,True,True
0,640.03,0.46011,0,0,1774021565141,True,True
0,640.09,0.1771,0,0,1774021565141,True,True
0,640.17,2.21553,0,0,1774021565144,True,True
0,640.18,0.69321,0,0,1774021565144,True,True
0,640.18,0.1771,0,0,1774021565144,True,True
0,640.21,0.1771,0,0,1774021565144,True,True
0,640.32,7.46367,0,0,1774021565144,True,True
0,640.32,1.51031,0,0,1774021565145,True,True
0,640.34,0.1771,0,0,1774021565145,True,True
0,640.43,5.75928,0,0,1774021565145,True,True
0,640.44,1.63111,0,0,1774021565147,True,True
0,640.46,0.1771,0,0,1774021565147,True,True
0,640.48,1.56026,0,0,1774021565147,True,True
0,640.48,4.688,0,0,1774021565147,True,True
0,640.49,0.70349,0,0,1774021565147,True,True
0,640.53,0.1771,0,0,1774021565147,True,True
0,640.59,0.81361,0,0,1774021565147,True,True
0,640.6,0.1771,0,0,1774021565147,True,True
0,640.18,0.13332,0,0,1774021565148,True,True
0,640.7,0.01823,0,0,1774021565823,False,True
0,640.58,0.0742,0,0,1774021565823,False,True
0,640.45,0.1771,0,0,1774021565829,False,True
0,640.43,0.06662,0,0,1774021565829,False,True
0,640.42,0.1771,0,0,1774021565829,False,True
0,640.39,0.1771,0,0,1774021585306,True,True
0,640.4,0.01823,0,0,1774021585306,True,True
0,640.44,0.0742,0,0,1774021585306,True,True
0,640.47,4.68793,0,0,1774021585306,True,True
0,640.48,0.20872,0,0,1774021585306,True,True
0,640.49,0.90601,0,0,1774021585306,True,True
0,640.52,0.12681,0,0,1774021585306,True,True
0,640.26,0.14841,0,0,1774021587426,False,True
0,640.27,0.1771,0,0,1774021592910,False,True
0,639.89,0.00672,0,0,1774021615971,False,True
0,641.09,0.127,0,0,1774021684179,True,True
0,640.76,0.01336,0,0,1774021706419,False,True
0,640.75,0.02399,0,0,1774021706419,False,True
0,640.58,0.00899,0,0,1774021725329,False,True
0,640.5,0.06059,0,0,1774021737249,True,True
0,640.45,0.01819,0,0,1774021746044,True,True
0,640.24,0.1012,0,0,1774021805713,True,True
0,640.34,0.3419,0,0,1774021813744,True,True
0,640.12,0.07,0,0,1774021919931,True,True
0,640.2,0.06326,0,0,1774021925640,True,True
0,640.8,0.07794,0,0,1774021999133,True,True
0,640.55,1.09495,0,0,1774022020869,True,True
0,640.2,0.00597,0,0,1774022051814,False,True
0,640.18,0.02227,0,0,1774022105698,True,True
0,640.13,0.1771,0,0,1774022132186,True,True
0,640.13,0.37151,0,0,1774022132186,True,True
0,640.15,0.09294,0,0,1774022143822,True,True
0,640.21,0.026,0,0,1774022284993,True,True
0,640.19,0.69443,0,0,1774022295160,True,True
0,640.01,0.02996,0,0,1774022314919,True,True
0,640.81,0.01563,0,0,1774022496671,True,True
0,640.82,0.02996,0,0,1774022499684,False,True
0,640.59,0.0299,0,0,1774022549192,True,True
0,640.83,0.1771,0,0,1774022586178,False,True
0,641.21,0.00278,0,0,1774022690036,True,True
0,641.5,0.05695,0,0,1774022693828,True,True
0,641.51,0.0307,0,0,1774022693828,True,True
0,641.52,0.09267,0,0,1774022693828,True,True
0,640.82,0.0299,0,0,1774022755629,False,True
0,641.06,0.14841,0,0,1774022853205,False,True
0,641.02,0.0742,0,0,1774022855473,True,True
0,640.84,0.1771,0,0,1774022881375,False,True
0,640.84,0.1771,0,0,1774022881384,False,True
0,640.41,0.864,0,0,1774022923188,True,True
0,640.53,0.02792,0,0,1774022967913,True,True
0,640.67,0.1771,0,0,1774022980962,False,True
0,640.66,0.45502,0,0,1774022980962,False,True
0,640.84,0.02792,0,0,1774023012613,False,True
0,641.04,0.02786,0,0,1774023065651,True,True
0,641.41,0.05832,0,0,1774023136366,False,True
0,641.38,0.02786,0,0,1774023155056,False,True
0,641.32,0.02008,0,0,1774023227213,True,True
0,641.33,0.00769,0,0,1774023227213,True,True
0,641.27,0.02881,0,0,1774023247326,True,True
0,641.28,0.00238,0,0,1774023247326,True,True
0,640.63,0.0742,0,0,1774023423450,False,True
0,640.62,0.0268,0,0,1774023423450,False,True
0,640.56,0.16714,0,0,1774023423450,False,True
0,640.44,0.01796,0,0,1774023443350,True,True
0,641.19,0.02074,0,0,1774023520683,True,True
0,641.23,0.04851,0,0,1774023538471,True,True
0,641.46,0.02565,0,0,1774023586375,True,True
0,641.78,0.0268,0,0,1774023695480,True,True
0,641.79,0.00496,0,0,1774023695480,True,True
0,641.36,0.01897,0,0,1774024129446,True,True
0,641.37,0.01888,0,0,1774024129446,True,True
0,641.46,0.05133,0,0,1774024150649,True,True
0,641.46,0.00374,0,0,1774024150649,True,True
0,640.07,1.56232,0,0,1774024311143,True,True
0,640.14,4.67868,0,0,1774024311143,True,True
0,640.14,0.1771,0,0,1774024311143,True,True
0,640.15,1.56213,0,0,1774024311143,True,True
0,640.16,0.0742,0,0,1774024313661,False,True
0,640.15,8.26005,0,0,1774024313661,False,True
0,640.15,0.0742,0,0,1774024313673,False,True
0,640.15,0.0742,0,0,1774024313676,False,True
0,640.15,4.92559,0,0,1774024313704,False,True
0,639.98,0.00112,0,0,1774024333041,True,True
0,639.79,0.03812,0,0,1774024719749,True,True
0,639.84,0.0268,0,0,1774024736767,False,True
0,639.83,0.0482,0,0,1774024736767,False,True
0,639.97,0.06413,0,0,1774024801056,False,True
0,640.13,0.142,0,0,1774024805811,True,True
0,639.88,0.005,0,0,1774024837825,False,True
0,640.08,0.06921,0,0,1774024892486,False,True
0,640.03,0.06667,0,0,1774024892486,False,True
0,640.02,0.13555,0,0,1774024892486,False,True
0,640.03,0.01,0,0,1774024915157,False,True
0,639.92,0.07,0,0,1774025261300,True,True
0,639.94,0.24329,0,0,1774025285298,False,True
0,640.04,0.01532,0,0,1774025299033,True,True
0,639.78,0.01088,0,0,1774025326582,False,True
0,639.85,0.08,0,0,1774025330558,True,True
0,639.81,0.02236,0,0,1774025397032,True,True
0,639.82,0.02186,0,0,1774025397032,True,True
0,639.93,0.17675,0,0,1774025413699,False,True
0,639.89,0.00287,0,0,1774025417569,False,True
0,639.81,0.02186,0,0,1774025445124,False,True
0,639.76,0.0268,0,0,1774025445124,False,True
0,639.76,0.06669,0,0,1774025445124,False,True
0,639.75,1.6573,0,0,1774025445124,False,True
0,639.78,0.0218,0,0,1774025479096,False,True
0,638.95,0.0218,0,0,1774025553196,True,True
0,639.08,0.17648,0,0,1774025553222,False,True
0,640.21,0.0268,0,0,1774025796955,True,True
0,640.21,0.00183,0,0,1774025796955,True,True
0,640.53,0.01563,0,0,1774026085866,True,True
0,640.43,0.00606,0,0,1774026089258,False,True
0,640.47,0.00155,0,0,1774026144032,True,True
0,640.38,0.06663,0,0,1774026144425,False,True
0,640.37,0.0693,0,0,1774026144425,False,True
0,639.99,0.01468,0,0,1774026340311,False,True
0,639.98,0.01718,0,0,1774026340311,False,True
0,639.76,0.0171,0,0,1774026348263,False,True
0,639.21,0.78207,0,0,1774026349413,False,True
0,639.22,0.01706,0,0,1774026358808,True,True
0,639.42,0.01709,0,0,1774026361156,True,True
0,640.0,0.32056,0,0,1774026664567,False,True
0,639.72,0.02074,0,0,1774026875036,True,True
0,639.73,0.01659,0,0,1774026875036,True,True
0,640.03,0.01024,0,0,1774026950978,False,True
0,640.07,0.13136,0,0,1774027091531,True,True
0,640.07,0.1771,0,0,1774027091531,True,True
0,640.07,0.00554,0,0,1774027091531,True,True
0,639.55,0.0268,0,0,1774027158995,False,True
0,639.54,0.14841,0,0,1774027158995,False,True
0,639.53,0.1771,0,0,1774027158995,False,True
0,639.49,0.06672,0,0,1774027158995,False,True
0,639.48,1.77176,0,0,1774027158995,False,True
0,639.47,0.20921,0,0,1774027158995,False,True
0,639.62,0.04047,0,0,1774027224761,True,True
0,639.73,0.0268,0,0,1774027272038,True,True
0,639.73,0.10794,0,0,1774027272038,True,True
0,639.74,0.1771,0,0,1774027272038,True,True
0,639.75,0.24016,0,0,1774027272038,True,True
0,639.45,0.01249,0,0,1774027371090,False,True
0,639.88,0.0268,0,0,1774027383993,False,True
0,639.87,0.1771,0,0,1774027383993,False,True
0,639.85,0.0742,0,0,1774027383993,False,True
0,639.79,0.06669,0,0,1774027383993,False,True
0,639.78,3.12607,0,0,1774027383993,False,True
0,639.78,1.56303,0,0,1774027383993,False,True
0,639.77,0.1771,0,0,1774027383993,False,True
0,639.77,1.28901,0,0,1774027383993,False,True
0,639.73,0.00178,0,0,1774027399883,False,True
0,640.07,0.00441,0,0,1774027407905,True,True
0,639.93,0.0017,0,0,1774027418172,True,True
0,639.74,0.00168,0,0,1774027434270,False,True
0,639.79,0.01217,0,0,1774027443694,True,True
0,639.79,0.05938,0,0,1774027443996,True,True
0,639.82,0.22562,0,0,1774027443996,True,True
0,639.97,0.00158,0,0,1774027461570,True,True
0,640.11,0.38279,0,0,1774027482562,True,True
0,639.55,0.10486,0,0,1774027556030,False,True
0,639.24,0.1771,0,0,1774027628557,True,True
0,639.25,0.03065,0,0,1774027628557,True,True
0,639.25,1.56433,0,0,1774027628557,True,True
0,639.31,0.1771,0,0,1774027628557,True,True
0,639.31,0.0268,0,0,1774027628557,True,True
0,639.32,1.56416,0,0,1774027628557,True,True
0,639.35,2.74614,0,0,1774027628557,True,True
0,639.37,0.57059,0,0,1774027628557,True,True
0,639.37,0.012,0,0,1774027671178,False,True
0,639.5,0.20649,0,0,1774027677338,True,True
0,639.55,0.09733,0,0,1774027677338,True,True
0,639.55,1.56361,0,0,1774027677338,True,True
0,639.56,0.68335,0,0,1774027677338,True,True
0,639.58,0.07421,0,0,1774027677338,True,True
0,639.59,1.56351,0,0,1774027677338,True,True
0,639.6,0.90601,0,0,1774027677338,True,True
0,639.62,0.1771,0,0,1774027677338,True,True
0,639.68,1.58385,0,0,1774027677338,True,True
0,639.51,0.96467,0,0,1774027702860,True,True
0,639.51,1.56369,0,0,1774027702860,True,True
0,639.52,0.1771,0,0,1774027702860,True,True
0,639.54,0.1429,0,0,1774027702860,True,True
0,639.59,1.5635,0,0,1774027702860,True,True
0,639.59,0.1771,0,0,1774027702860,True,True
0,639.6,0.6144,0,0,1774027702860,True,True
0,639.68,0.1771,0,0,1774027702860,True,True
0,639.7,0.90601,0,0,1774027702860,True,True
0,639.78,0.57094,0,0,1774027702860,True,True
0,639.02,0.0268,0,0,1774027773807,False,True
0,639.01,0.07336,0,0,1774027773807,False,True
0,638.62,0.07505,0,0,1774027921287,False,True
0,638.61,0.70783,0,0,1774027921287,False,True
0,638.61,0.07505,0,0,1774027942827,False,True
0,638.33,0.0268,0,0,1774027943927,True,True
0,638.34,0.1771,0,0,1774027943927,True,True
0,638.35,0.10004,0,0,1774027943927,True,True
0,638.27,0.02239,0,0,1774027957121,False,True
0,637.73,0.07505,0,0,1774028071673,True,True
0,637.84,0.06364,0,0,1774028284924,True,True
0,638.45,0.02239,0,0,1774028359501,True,True
0,638.46,0.05534,0,0,1774028359501,True,True
0,638.48,0.14192,0,0,1774028359501,True,True
0,638.54,0.5635,0,0,1774028359501,True,True
0,638.67,0.11989,0,0,1774028373432,True,True
0,638.23,0.0268,0,0,1774028401144,False,True
0,638.23,0.04007,0,0,1774028401144,False,True
0,638.7,0.04007,0,0,1774028452122,True,True
0,638.71,0.26593,0,0,1774028452122,True,True
0,638.16,0.00154,0,0,1774028518038,True,True
0,638.01,0.10077,0,0,1774028592515,True,True
0,637.81,0.90601,0,0,1774028698391,True,True
0,637.82,1.56784,0,0,1774028698391,True,True
0,637.85,0.20557,0,0,1774028698391,True,True
0,637.87,0.0268,0,0,1774028698391,True,True
0,637.88,0.1771,0,0,1774028698391,True,True
0,637.9,1.56765,0,0,1774028698391,True,True
0,637.9,1.77176,0,0,1774028698391,True,True
0,637.96,0.1771,0,0,1774028698391,True,True
0,637.97,0.35636,0,0,1774028698391,True,True
0,637.84,1.56779,0,0,1774028718524,True,True
0,637.85,1.77176,0,0,1774028718524,True,True
0,637.86,1.56774,0,0,1774028718524,True,True
0,637.86,0.13588,0,0,1774028718524,True,True
0,637.89,0.90601,0,0,1774028718524,True,True
0,637.91,0.68788,0,0,1774028718524,True,True
0,638.03,0.11923,0,0,1774028718524,True,True
0,637.95,0.90601,0,0,1774028740349,True,True
0,637.98,1.56744,0,0,1774028740349,True,True
0,638.02,0.13028,0,0,1774028740349,True,True
0,638.03,1.77176,0,0,1774028740349,True,True
0,638.05,0.62038,0,0,1774028740349,True,True
0,638.05,1.56727,0,0,1774028740349,True,True
0,638.06,0.1771,0,0,1774028740349,True,True
0,638.08,0.01382,0,0,1774028740349,True,True
0,637.92,1.56759,0,0,1774028767026,True,True
0,637.93,0.90601,0,0,1774028767026,True,True
0,638.0,0.15656,0,0,1774028767026,True,True
0,638.01,0.1771,0,0,1774028767026,True,True
0,638.04,1.56731,0,0,1774028767026,True,True
0,638.05,1.77176,0,0,1774028767026,True,True
0,638.06,0.60623,0,0,1774028767026,True,True
0,637.82,0.15685,0,0,1774028802670,True,True
0,637.87,1.56773,0,0,1774028802670,True,True
0,637.88,0.63111,0,0,1774028802670,True,True
0,637.89,0.90601,0,0,1774028802670,True,True
0,637.91,1.56764,0,0,1774028802670,True,True
0,637.94,0.1771,0,0,1774028802670,True,True
0,637.99,1.74322,0,0,1774028802670,True,True
0,637.52,0.10218,0,0,1774028892548,True,True
0,637.84,0.90601,0,0,1774028907677,True,True
0,637.84,0.15275,0,0,1774028907677,True,True
0,637.86,1.56774,0,0,1774028907677,True,True
0,637.9,0.5984,0,0,1774028907677,True,True
0,637.91,0.1771,0,0,1774028907677,True,True
0,637.92,1.5676,0,0,1774028907677,True,True
0,637.98,0.1771,0,0,1774028907677,True,True
0,638.04,1.60717,0,0,1774028907677,True,True
0,637.85,0.023,0,0,1774029011659,True,True
0,638.04,0.01261,0,0,1774029036936,True,True
0,639.42,0.00408,0,0,1774029419323,True,True
0,640.27,0.02535,0,0,1774029459014,True,True
0,640.42,1.56147,0,0,1774029562946,True,True
0,640.42,1.56147,0,0,1774029562946,True,True
0,640.46,0.90601,0,0,1774029562946,True,True
0,640.49,0.13011,0,0,1774029562946,True,True
0,640.53,0.1771,0,0,1774029562946,True,True
0,640.54,0.59002,0,0,1774029562946,True,True
0,640.57,1.9313,0,0,1774029562946,True,True
0,640.17,0.0268,0,0,1774029571137,False,True
0,640.34,1.56167,0,0,1774029655135,True,True
0,640.4,0.0268,0,0,1774029655135,True,True
0,640.41,0.90601,0,0,1774029655135,True,True
0,640.42,0.1771,0,0,1774029655135,True,True
0,640.43,0.1326,0,0,1774029655135,True,True
0,640.49,0.65463,0,0,1774029655135,True,True
0,640.49,0.1771,0,0,1774029655135,True,True
0,640.55,3.09655,0,0,1774029655135,True,True
0,639.98,0.114,0,0,1774029733874,True,True
0,640.44,0.02212,0,0,1774029806642,True,True
0,640.44,0.1771,0,0,1774029873401,False,True
0,640.43,0.11844,0,0,1774029873405,False,True
0,640.33,0.0268,0,0,1774029873417,False,True
0,640.06,0.712,0,0,1774029875004,True,True
0,640.24,0.0101,0,0,1774030122247,False,True
0,639.93,0.04423,0,0,1774030242800,True,True
0,639.94,0.2283,0,0,1774030242800,True,True
0,640.13,0.14032,0,0,1774030297385,True,True
0,640.18,0.28022,0,0,1774030297385,True,True
0,640.23,0.12169,0,0,1774030311548,True,True
0,640.42,0.047,0,0,1774030336229,True,True
0,640.43,0.00368,0,0,1774030336229,True,True
0,640.55,0.039,0,0,1774030344128,True,True
0,640.47,1.56135,0,0,1774030355666,True,True
0,640.47,0.02721,0,0,1774030355666,True,True
0,640.48,0.90601,0,0,1774030355666,True,True
0,640.5,1.56128,0,0,1774030355666,True,True
0,640.55,0.16514,0,0,1774030355666,True,True
0,640.56,0.0268,0,0,1774030355666,True,True
0,640.58,0.03469,0,0,1774030355666,True,True
0,640.31,0.022,0,0,1774030480483,False,True
0,640.25,0.144,0,0,1774030517801,True,True
0,640.03,1.56242,0,0,1774030529707,True,True
0,640.1,0.0522,0,0,1774030661277,False,True
0,640.04,7.98539,0,0,1774030661277,False,True
0,640.04,3.25893,0,0,1774030682046,False,True
0,640.04,0.10234,0,0,1774030682792,False,True
0,639.69,0.025,0,0,1774030737038,False,True
0,639.88,0.029,0,0,1774030774933,True,True
0,640.0,0.2613,0,0,1774030823739,True,True
0,640.22,0.02477,0,0,1774030833039,True,True
0,639.62,0.02405,0,0,1774030851562,True,True
0,639.62,0.025,0,0,1774030860924,True,True
0,639.62,0.0414,0,0,1774030860924,True,True
0,639.26,0.024,0,0,1774030931564,True,True
0,638.41,0.13993,0,0,1774030995558,True,True
0,638.41,1.10733,0,0,1774030995558,True,True
0,638.2,0.0268,0,0,1774031325669,False,True
0,638.19,0.16116,0,0,1774031325669,False,True
0,637.41,0.026,0,0,1774031612937,True,True
0,637.28,0.026,0,0,1774031621393,False,True
0,637.27,0.01015,0,0,1774031621393,False,True
0,637.66,0.0268,0,0,1774031655483,True,True
0,637.67,0.05344,0,0,1774031655483,True,True
0,637.69,0.18509,0,0,1774031655483,True,True
0,637.72,0.20516,0,0,1774031655483,True,True
0,636.79,0.085,0,0,1774031811483,True,True
0,636.42,0.1771,0,0,1774031851154,False,True
0,636.39,0.1465,0,0,1774031851154,False,True
0,636.32,0.0268,0,0,1774031851154,False,True
0,636.32,0.06705,0,0,1774031851154,False,True
0,636.31,4.7034,0,0,1774031851154,False,True
0,636.28,0.1771,0,0,1774031851154,False,True
0,636.23,1.57174,0,0,1774031851154,False,True
0,636.22,4.545,0,0,1774031851154,False,True
0,636.21,0.1771,0,0,1774031851154,False,True
0,636.17,1.77176,0,0,1774031851154,False,True
0,636.17,1.57188,0,0,1774031851154,False,True
0,636.03,0.1771,0,0,1774031851154,False,True
0,635.99,0.97557,0,0,1774031851154,False,True
0,637.17,0.00432,0,0,1774031989747,True,True
0,637.15,0.14409,0,0,1774032012005,True,True
0,637.27,0.1771,0,0,1774032021162,False,True
0,637.26,0.0742,0,0,1774032021162,False,True
0,637.18,0.24874,0,0,1774032021162,False,True
0,637.63,0.014,0,0,1774032084648,False,True
0,637.8,0.0742,0,0,1774032357855,True,True
0,637.82,0.0268,0,0,1774032357855,True,True
0,637.83,1.129,0,0,1774032357855,True,True
0,637.9,1.56764,0,0,1774032360259,True,True
0,637.92,1.5676,0,0,1774032360259,True,True
0,637.93,0.20276,0,0,1774032360259,True,True
0,637.97,0.58448,0,0,1774032360259,True,True
0,638.0,0.1771,0,0,1774032360259,True,True
0,638.01,7.83694,0,0,1774032360259,True,True
0,638.11,0.1771,0,0,1774032360259,True,True
0,638.13,4.70828,0,0,1774032360259,True,True
0,638.14,1.77176,0,0,1774032360259,True,True
0,638.15,1.56601,0,0,1774032360259,True,True
0,638.25,0.1771,0,0,1774032360259,True,True
0,638.28,3.67568,0,0,1774032360259,True,True
0,638.14,0.0268,0,0,1774032588397,False,True
0,638.14,0.01274,0,0,1774032588397,False,True
0,638.05,0.03547,0,0,1774032601148,False,True
0,638.02,0.08369,0,0,1774032606250,True,True
0,638.53,0.1771,0,0,1774032725425,True,True
0,638.54,0.04821,0,0,1774032725425,True,True
0,638.54,0.0268,0,0,1774032725425,True,True
0,638.55,0.19258,0,0,1774032725425,True,True
0,638.5,1.18117,0,0,1774032798044,True,True
0,638.5,0.0357,0,0,1774032798893,True,True
0,638.5,0.4874,0,0,1774032798893,True,True
0,638.5,0.40453,0,0,1774032798893,True,True
0,638.37,0.0268,0,0,1774032845580,False,True
0,638.36,0.06113,0,0,1774032845580,False,True
0,637.57,0.48108,0,0,1774033010293,True,True
0,637.38,0.08728,0,0,1774033049281,False,True
0,637.32,0.16272,0,0,1774033049281,False,True
0,637.64,0.148,0,0,1774033112933,True,True
0,638.13,0.14841,0,0,1774033176640,True,True
0,638.15,0.0083,0,0,1774033176640,True,True
0,638.58,0.17841,0,0,1774033211725,True,True
0,638.63,0.0268,0,0,1774033211725,True,True
0,638.64,0.09183,0,0,1774033211725,True,True
0,638.53,0.113,0,0,1774033257862,True,True
0,638.19,0.01683,0,0,1774033599704,True,True
0,638.46,0.018,0,0,1774033665863,True,True
0,638.56,0.01486,0,0,1774033983644,True,True
0,638.69,0.0742,0,0,1774034286647,False,True
0,638.68,1.06845,0,0,1774034286647,False,True
0,638.84,0.0742,0,0,1774034313487,True,True
0,638.85,0.49297,0,0,1774034313487,True,True
0,638.81,0.34994,0,0,1774034575158,True,True
0,638.9,0.071,0,0,1774034592228,True,True
0,638.17,0.285,0,0,1774034704226,True,True
0,638.61,0.13893,0,0,1774034882686,True,True
0,638.64,1.56583,0,0,1774034945293,True,True
0,638.68,0.17777,0,0,1774034945293,True,True
0,639.04,0.05,0,0,1774035110174,True,True
0,638.75,0.90601,0,0,1774035125667,True,True
0,638.76,0.83723,0,0,1774035125667,True,True
0,637.45,0.01034,0,0,1774035281384,False,True
0,637.04,0.1899,0,0,1774035363166,False,True
0,636.94,1.179,0,0,1774035427900,True,True
0,636.8,0.1589,0,0,1774035484653,True,True
0,636.8,0.00785,0,0,1774035493266,True,True
0,636.86,0.05579,0,0,1774035527558,False,True
0,637.29,0.07776,0,0,1774035601487,False,True
0,637.4,0.03837,0,0,1774035604741,True,True
0,637.93,1.56757,0,0,1774035661668,True,True
0,637.94,0.14515,0,0,1774035661668,True,True
0,638.23,1.56683,0,0,1774035788248,True,True
0,638.24,0.6572,0,0,1774035788248,True,True
0,638.75,0.07601,0,0,1774035829625,True,True
0,639.02,0.02777,0,0,1774036020365,False,True
0,640.34,0.02777,0,0,1774036545777,True,True
0,640.34,0.00146,0,0,1774036545777,True,True
0,640.25,0.01585,0,0,1774036623955,False,True
0,640.49,0.02239,0,0,1774036654271,True,True
0,640.16,0.09897,0,0,1774036815919,False,True
0,640.4,0.14035,0,0,1774036892515,True,True
0,640.53,0.00868,0,0,1774037013843,False,True
0,640.44,0.06662,0,0,1774037046168,False,True
0,640.39,0.04944,0,0,1774037046168,False,True
0,640.38,0.06466,0,0,1774037046168,False,True
0,640.13,0.1771,0,0,1774037048237,True,True
0,640.17,0.02619,0,0,1774037048237,True,True
0,640.29,1.15575,0,0,1774037048237,True,True
0,640.29,0.90601,0,0,1774037048237,True,True
0,640.3,0.1771,0,0,1774037048237,True,True
0,640.37,0.1771,0,0,1774037048237,True,True
0,640.43,0.68043,0,0,1774037048237,True,True
0,640.44,0.1771,0,0,1774037048237,True,True
0,640.51,0.1771,0,0,1774037048237,True,True
0,640.57,0.09897,0,0,1774037048237,True,True
0,640.57,1.77176,0,0,1774037048237,True,True
0,640.58,0.1771,0,0,1774037048237,True,True
0,640.61,1.11549,0,0,1774037048237,True,True
0,640.09,0.09897,0,0,1774037069452,False,True
0,640.08,0.0268,0,0,1774037069452,False,True
0,640.01,0.1771,0,0,1774037069452,False,True
0,639.98,1.19713,0,0,1774037069452,False,True
0,640.02,0.01612,0,0,1774037099829,False,True
0,639.65,0.1771,0,0,1774037113747,False,True
0,639.62,1.74348,0,0,1774037113747,False,True
0,639.66,0.00759,0,0,1774037124449,True,True
0,639.66,0.00853,0,0,1774037129287,True,True
0,639.96,0.043,0,0,1774037165212,True,True
0,640.25,0.01859,0,0,1774037204561,True,True
0,640.06,0.026,0,0,1774037282111,True,True
0,640.15,0.01499,0,0,1774037380663,False,True
0,640.4,0.0268,0,0,1774037442901,True,True
0,640.41,0.0052,0,0,1774037442901,True,True
0,640.3,0.06664,0,0,1774037483177,False,True
0,640.29,0.0268,0,0,1774037483177,False,True
0,640.29,0.57285,0,0,1774037483177,False,True
0,640.3,0.01546,0,0,1774037490522,True,True
0,640.56,0.0268,0,0,1774037565120,True,True
0,640.57,0.08162,0,0,1774037565120,True,True
0,640.58,0.44923,0,0,1774037565120,True,True
0,640.37,1.00379,0,0,1774037614851,True,True
0,640.46,0.25,0,0,1774037699675,True,True
0,640.41,0.05287,0,0,1774037708834,True,True
0,640.37,0.38273,0,0,1774037840274,True,True
0,639.38,0.01114,0,0,1774038286589,True,True
0,638.79,0.02328,0,0,1774038639339,True,True
0,638.11,0.02049,0,0,1774038721382,False,True
0,638.08,0.1771,0,0,1774038733906,True,True
0,638.09,0.59832,0,0,1774038733906,True,True
0,637.79,0.00235,0,0,1774038769159,True,True
0,637.77,0.00512,0,0,1774039011483,True,True
0,638.3,0.0971,0,0,1774039160872,True,True
0,638.12,0.02063,0,0,1774039201163,False,True
0,638.13,0.1277,0,0,1774039253946,False,True
0,638.12,0.0268,0,0,1774039253947,False,True
0,638.08,1.3798,0,0,1774039253947,False,True
0,638.35,0.0268,0,0,1774039295693,True,True
0,638.36,0.14833,0,0,1774039295693,True,True
0,638.38,0.13817,0,0,1774039295693,True,True
0,638.49,0.0735,0,0,1774039538913,True,True
0,639.54,0.05593,0,0,1774039861476,True,True
0,639.5,0.14841,0,0,1774039924401,False,True
0,639.5,0.04064,0,0,1774039924401,False,True
0,639.6,0.03837,0,0,1774039974579,True,True
0,639.46,0.071,0,0,1774039991744,True,True
0,639.46,0.033,0,0,1774040006706,True,True
0,639.42,0.03583,0,0,1774040085052,True,True
0,639.43,0.03617,0,0,1774040085052,True,True
0,639.41,0.01637,0,0,1774040126131,True,True
0,639.48,0.33726,0,0,1774040168818,True,True
0,639.37,0.02511,0,0,1774040171198,False,True
0,639.45,0.05022,0,0,1774040175050,True,True
0,639.48,0.06381,0,0,1774040175050,True,True
0,639.49,0.08431,0,0,1774040241256,False,True
0,639.49,0.0376,0,0,1774040241741,False,True
0,639.62,0.0491,0,0,1774040257363,True,True
0,639.63,0.0949,0,0,1774040257363,True,True
0,639.86,0.18947,0,0,1774040694655,True,True
0,639.51,0.14006,0,0,1774040750328,True,True
0,639.52,0.03479,0,0,1774040762786,False,True
0,639.47,0.256,0,0,1774040876383,True,True
0,639.44,0.1484,0,0,1774040878317,False,True
0,639.43,0.6187,0,0,1774040878318,False,True
0,639.41,0.00153,0,0,1774040949031,True,True
0,639.41,0.03016,0,0,1774041029296,True,True
0,639.4,0.14841,0,0,1774041031676,False,True
0,639.22,0.17701,0,0,1774041031699,True,True
0,639.22,0.35309,0,0,1774041035039,True,True
0,639.19,1.06223,0,0,1774041036135,True,True
0,639.19,0.14833,0,0,1774041037211,True,True
0,639.19,0.01565,0,0,1774041039159,True,True
0,639.2,0.0563,0,0,1774041039159,True,True
0,638.99,0.00155,0,0,1774041073037,True,True
0,639.04,0.11738,0,0,1774041133752,False,True
0,639.88,0.00827,0,0,1774041409434,True,True
0,639.88,0.14973,0,0,1774041409434,True,True
0,639.95,0.105,0,0,1774041428594,True,True
0,639.95,0.02783,0,0,1774041434930,True,True
0,640.3,0.00911,0,0,1774041477776,True,True
0,640.31,0.2063,0,0,1774041495955,True,True
0,640.83,0.18457,0,0,1774041499013,True,True
0,640.89,0.59573,0,0,1774041499013,True,True
0,641.28,0.1474,0,0,1774041523380,True,True
0,641.81,0.05159,0,0,1774041524170,True,True
0,641.81,0.061,0,0,1774041524234,True,True
0,641.64,0.0268,0,0,1774041525387,False,True
0,641.57,1.55869,0,0,1774041534733,True,True
0,641.9,0.0742,0,0,1774041539183,False,True
0,641.89,0.0664,0,0,1774041539183,False,True
0,641.88,0.2667,0,0,1774041539185,False,True
0,641.88,0.0332,0,0,1774041539185,False,True
0,641.82,0.00451,0,0,1774041552657,False,True
0,641.9,0.0742,0,0,1774041696090,True,True
0,641.91,0.0698,0,0,1774041696090,True,True
0,642.01,0.00153,0,0,1774041723926,True,True
0,641.82,0.14841,0,0,1774041791261,False,True
0,641.81,0.33072,0,0,1774041791261,False,True
0,641.73,0.0268,0,0,1774041826378,True,True
0,641.74,0.07339,0,0,1774041826378,True,True
0,641.58,0.0268,0,0,1774042020160,False,True
0,641.58,1.0312,0,0,1774042020160,False,True
0,641.58,0.74056,0,0,1774042020172,False,True
0,641.58,0.0665,0,0,1774042020172,False,True
0,641.59,0.0733,0,0,1774042020269,False,True
0,641.51,0.1771,0,0,1774042052490,False,True
0,641.5,0.00422,0,0,1774042059602,False,True
0,641.51,0.09367,0,0,1774042063150,True,True
0,641.51,0.07756,0,0,1774042065901,True,True
0,641.51,1.18117,0,0,1774042070010,True,True
0,641.51,0.01274,0,0,1774042074474,True,True
0,642.36,0.0268,0,0,1774042105246,True,True
0,642.37,0.03671,0,0,1774042105246,True,True
0,642.18,0.0268,0,0,1774042111930,False,True
0,642.17,0.02296,0,0,1774042111930,False,True
0,642.17,0.01116,0,0,1774042276866,False,True
0,642.26,0.0268,0,0,1774042297454,True,True
0,642.27,0.0292,0,0,1774042297454,True,True
0,642.23,0.09357,0,0,1774042317418,True,True
0,642.24,0.56143,0,0,1774042317418,True,True
0,642.48,0.128,0,0,1774042477822,True,True
0,642.28,0.00352,0,0,1774042578642,True,True
0,642.7,1.07173,0,0,1774042631132,True,True
0,641.93,0.02218,0,0,1774042801055,False,True
0,641.93,0.02218,0,0,1774042816548,True,True
0,641.94,0.17957,0,0,1774042816548,True,True
0,641.49,0.07,0,0,1774042863182,True,True
0,641.18,0.02239,0,0,1774042966452,True,True
0,641.25,0.00306,0,0,1774043006324,True,True
0,641.51,0.10103,0,0,1774043191904,True,True
0,641.61,0.59097,0,0,1774043191904,True,True
0,641.18,1.29612,0,0,1774043277385,True,True
0,641.49,0.0102,0,0,1774043456039,True,True
0,641.49,0.054,0,0,1774043469846,True,True
0,641.48,0.00155,0,0,1774043491036,True,True
0,641.48,0.09953,0,0,1774043491330,True,True
0,641.53,0.21223,0,0,1774043491330,True,True
0,641.41,0.0254,0,0,1774043687991,False,True
0,641.55,0.12113,0,0,1774043712077,True,True
0,641.44,0.025,0,0,1774043737250,False,True
0,641.44,0.01105,0,0,1774043739229,False,True
0,641.7,0.02533,0,0,1774043763529,True,True
0,641.7,0.01072,0,0,1774043887865,True,True
0,641.82,0.02534,0,0,1774043887865,True,True
0,643.18,0.0254,0,0,1774044062805,True,True
0,643.18,0.23311,0,0,1774044062805,True,True
0,642.5,0.0268,0,0,1774044083468,False,True
0,642.49,0.04942,0,0,1774044083468,False,True
0,642.72,0.02576,0,0,1774044116081,True,True
0,642.85,0.0268,0,0,1774044141690,True,True
0,642.86,0.04942,0,0,1774044141690,True,True
0,642.87,0.83009,0,0,1774044141690,True,True
0,644.36,0.77632,0,0,1774044289944,True,True
0,644.2,0.01667,0,0,1774044387714,True,True
0,643.93,0.0268,0,0,1774044417346,False,True
0,643.93,0.00372,0,0,1774044417346,False,True
0,644.14,0.04716,0,0,1774044421806,True,True
0,643.93,0.03053,0,0,1774044444702,False,True
0,644.12,0.03053,0,0,1774044484224,True,True
0,644.13,0.17584,0,0,1774044484224,True,True
0,643.98,0.76113,0,0,1774044582815,True,True
0,643.92,0.02607,0,0,1774044659802,False,True
0,643.96,0.02607,0,0,1774044702742,True,True
0,643.97,0.18493,0,0,1774044702742,True,True
0,644.07,0.03491,0,0,1774044721878,True,True
0,644.14,0.00754,0,0,1774044735443,True,True
0,644.51,0.03789,0,0,1774044767009,True,True
0,643.87,0.01773,0,0,1774045010733,False,True
0,644.21,0.03789,0,0,1774045076589,False,True
0,644.03,0.09279,0,0,1774045178939,False,True
0,644.02,0.06835,0,0,1774045178939,False,True
0,644.04,0.14841,0,0,1774045208101,True,True
0,644.12,0.46957,0,0,1774045208101,True,True
0,644.04,0.054,0,0,1774045276490,True,True
0,643.71,0.12462,0,0,1774045382429,True,True
0,643.7,0.03418,0,0,1774045405816,False,True
0,643.3,0.14841,0,0,1774045494844,False,True
0,643.29,0.03248,0,0,1774045494844,False,True
0,643.35,0.11036,0,0,1774045525827,False,True
0,643.5,0.00747,0,0,1774045780052,True,True
0,643.3,0.0742,0,0,1774045903301,True,True
0,643.31,1.00287,0,0,1774045903301,True,True
0,643.36,0.026,0,0,1774046064089,True,True
0,643.19,0.00349,0,0,1774046124694,False,True
0,643.34,0.00329,0,0,1774046154356,True,True
0,643.23,0.00395,0,0,1774046263880,False,True
0,643.37,0.01933,0,0,1774046284169,True,True
0,643.4,0.05532,0,0,1774046284169,True,True
0,643.14,0.0927,0,0,1774046291752,False,True
0,643.13,0.0206,0,0,1774046291760,False,True
0,643.35,0.0546,0,0,1774046365964,True,True
0,643.47,0.02426,0,0,1774046401155,False,True
0,643.76,0.0206,0,0,1774046409872,True,True
0,643.77,0.09375,0,0,1774046409872,True,True
0,643.78,0.06143,0,0,1774046409872,True,True
0,643.78,0.113,0,0,1774046514433,True,True
0,643.66,0.287,0,0,1774046535884,True,True
0,643.32,0.01916,0,0,1774046698595,False,True
0,643.31,0.077,0,0,1774046700462,False,True
0,643.27,0.0566,0,0,1774046752106,False,True
0,643.28,0.01495,0,0,1774046796701,True,True
0,643.28,0.02264,0,0,1774046817269,True,True
0,643.41,0.1336,0,0,1774046918541,True,True
0,643.42,0.81474,0,0,1774046918541,True,True
0,643.66,0.0283,0,0,1774046973427,False,True
0,643.66,0.0142,0,0,1774046973437,False,True
0,644.12,0.0425,0,0,1774047153037,True,True
0,644.16,0.01916,0,0,1774047153037,True,True
0,644.17,0.08134,0,0,1774047153037,True,True
0,643.92,0.04523,0,0,1774047322264,True,True
0,643.92,0.01523,0,0,1774047334934,True,True
0,643.89,0.06524,0,0,1774047424251,True,True
0,643.91,0.287,0,0,1774047469617,True,True
0,643.64,0.04352,0,0,1774047657853,False,True
0,642.61,0.0268,0,0,1774047935192,False,True
0,642.6,0.10489,0,0,1774047935192,False,True
0,642.42,0.56731,0,0,1774047935222,False,True
0,642.24,0.10901,0,0,1774047952400,False,True
0,642.27,0.14841,0,0,1774047963579,True,True
0,642.29,1.22071,0,0,1774047963579,True,True
0,642.37,0.02914,0,0,1774047974045,True,True
0,642.3,0.093,0,0,1774048125128,True,True
0,642.3,0.018,0,0,1774048208662,False,True
0,642.3,0.01486,0,0,1774048209321,False,True
0,642.0,0.03214,0,0,1774048523199,False,True
0,641.74,0.703,0,0,1774048623142,True,True
0,641.8,0.0268,0,0,1774048624852,True,True
0,641.81,0.0402,0,0,1774048624852,True,True
0,642.1,0.0268,0,0,1774048858980,False,True
0,642.09,0.06687,0,0,1774048858980,False,True
0,642.38,0.06687,0,0,1774049002733,True,True
0,642.38,0.0268,0,0,1774049002733,True,True
0,642.39,0.1687,0,0,1774049002733,True,True
0,642.41,1.53363,0,0,1774049002733,True,True
0,642.39,0.00767,0,0,1774049025034,True,True
0,642.37,0.16503,0,0,1774049282660,True,True
0,642.45,1.55654,0,0,1774049377818,True,True
0,642.45,1.14914,0,0,1774049377818,True,True
0,642.45,0.1687,0,0,1774049422590,True,True
0,642.45,0.38193,0,0,1774049422590,True,True
0,642.43,0.025,0,0,1774049604986,True,True
0,642.31,0.1687,0,0,1774049704045,False,True
0,642.29,0.0268,0,0,1774049704045,False,True
0,642.29,0.0268,0,0,1774049704045,False,True
0,642.28,0.14841,0,0,1774049704045,False,True
0,642.2,0.06644,0,0,1774049704045,False,True
0,642.19,0.06014,0,0,1774049704045,False,True
0,642.48,0.02292,0,0,1774049779211,True,True
0,642.35,0.02292,0,0,1774049797156,False,True
0,642.34,0.0788,0,0,1774049797156,False,True
0,642.43,0.00153,0,0,1774049798033,True,True
0,642.33,0.01917,0,0,1774049915875,True,True
0,641.66,0.03013,0,0,1774050001067,False,True
0,641.74,0.1028,0,0,1774050004142,True,True
0,641.76,0.0412,0,0,1774050004142,True,True
0,642.12,0.03013,0,0,1774050081529,True,True
0,642.12,0.0268,0,0,1774050081529,True,True
0,642.13,0.11507,0,0,1774050081529,True,True
0,642.1,0.07,0,0,1774050190212,True,True
0,642.2,0.37321,0,0,1774050232010,True,True
0,642.2,1.41739,0,0,1774050232010,True,True
0,642.07,0.03352,0,0,1774050288327,True,True
0,642.28,0.95705,0,0,1774050374755,True,True
0,642.42,1.22359,0,0,1774050641057,True,True
0,642.22,0.03352,0,0,1774050792333,False,True
0,641.99,0.00286,0,0,1774050906922,True,True
0,642.11,0.01349,0,0,1774051043195,True,True
0,642.1,0.1512,0,0,1774051052019,True,True
0,642.04,0.10094,0,0,1774051150123,False,True
0,642.04,0.09665,0,0,1774051150123,False,True
