0,39.47,0.37258,0,0,1774742405916,True,True
0,39.46,0.25085,0,0,1774742445894,True,True
0,39.48,11.0450783,0,0,1774742523403,True,True
0,39.49,0.25105219,0,0,1774742564321,False,True
0,39.49,6.5024783,0,0,1774742564321,False,True
0,39.49,0.2,0,0,1774742705553,False,True
0,39.49,0.2,0,0,1774742712302,False,True
0,39.48,0.49800796,0,0,1774742871012,False,True
0,39.48,0.05402,0,0,1774742925773,False,True
0,39.5,138.61526484,0,0,1774742959908,True,True
0,39.5,127.00720229,0,0,1774742960485,True,True
0,39.46,0.98553,0,0,1774742997359,True,True
0,39.45,0.52496831,0,0,1774743010045,False,True
0,39.48,12.6679808,0,0,1774743119414,False,True
0,39.41,5.07485409,0,0,1774743196653,False,True
0,39.41,0.3134,0,0,1774743374787,False,True
0,39.45,0.2,0,0,1774743454848,True,True
0,39.45,0.2,0,0,1774743454848,True,True
0,39.49,45.26938731,0,0,1774743495149,True,True
0,39.49,33.4371254,0,0,1774743509952,True,True
0,39.49,24.75960209,0,0,1774743517606,True,True
0,39.5,166.19524869,0,0,1774743517607,True,True
0,39.5,11.050633,0,0,1774743549976,True,True
0,39.5,138.00144716,0,0,1774743551033,True,True
0,39.5,71.4878814,0,0,1774743558013,True,True
0,39.5,0.14027272,0,0,1774743558693,True,True
0,39.51,126.49567749,0,0,1774743558693,True,True
0,39.51,127.20438147,0,0,1774743559163,True,True
0,39.51,127.00558491,0,0,1774743561783,True,True
0,39.51,168.01505394,0,0,1774743582768,True,True
0,39.51,131.34502784,0,0,1774743583256,True,True
0,39.51,126.91363147,0,0,1774743583799,True,True
0,39.51,138.3736688,0,0,1774743584295,True,True
0,39.51,13.464946,0,0,1774743602504,True,True
0,39.42,19.41200427,0,0,1774743706773,False,True
0,39.42,12.29777544,0,0,1774743706773,False,True
0,39.42,355.57,0,0,1774743706773,False,True
0,39.42,30.4414003,0,0,1774743706773,False,True
0,39.41,4.76145409,0,0,1774743706773,False,True
0,39.41,19.41200427,0,0,1774743706773,False,True
0,39.41,253.31,0,0,1774743706773,False,True
0,39.41,30.44645095,0,0,1774743706773,False,True
0,39.41,55.95541367,0,0,1774743706773,False,True
0,39.41,193.61457107,0,0,1774743706777,True,True
0,39.41,134.93766865,0,0,1774743726174,True,True
0,39.41,141.05387452,0,0,1774743726559,True,True
0,39.41,127.05411795,0,0,1774743727811,True,True
0,39.41,135.56179256,0,0,1774743728139,True,True
0,39.41,128.09104819,0,0,1774743728649,True,True
0,39.41,128.47831045,0,0,1774743729258,True,True
0,39.41,127.90407213,0,0,1774743729868,True,True
0,39.41,133.5780429,0,0,1774743730378,True,True
0,39.41,130.20209625,0,0,1774743730886,True,True
0,39.41,129.63980647,0,0,1774743731334,True,True
0,39.41,140.6162647,0,0,1774743731803,True,True
0,39.41,148.37670827,0,0,1774743732412,True,True
0,39.41,135.17227371,0,0,1774743733022,True,True
0,39.41,138.20375473,0,0,1774743733538,True,True
0,39.39,0.81834,0,0,1774743761516,False,True
0,39.39,5.13e-06,0,0,1774743782946,False,True
0,39.37,19.41200427,0,0,1774743782946,False,True
0,39.37,6.0415799,0,0,1774743782946,False,True
0,39.4,0.04916,0,0,1774743799061,True,True
0,39.38,0.9994499,0,0,1774743805713,False,True
0,39.4,130.03162098,0,0,1774743814342,True,True
0,39.4,140.72948606,0,0,1774743817828,True,True
0,39.4,129.03558318,0,0,1774743818343,True,True
0,39.4,130.89350534,0,0,1774743818875,True,True
0,39.4,128.91050987,0,0,1774743819403,True,True
0,39.4,137.50167538,0,0,1774743824905,True,True
0,39.4,139.11307584,0,0,1774743826299,True,True
0,39.4,138.53015439,0,0,1774743826663,True,True
0,39.4,138.63688418,0,0,1774743827250,True,True
0,39.4,137.40109922,0,0,1774743827853,True,True
0,39.4,133.82752962,0,0,1774743828387,True,True
0,39.4,150.12446537,0,0,1774743829000,True,True
0,39.4,148.08476664,0,0,1774743829595,True,True
0,39.4,130.47812394,0,0,1774743830116,True,True
0,39.4,129.23620563,0,0,1774743830628,True,True
0,39.4,131.80928401,0,0,1774743831136,True,True
0,39.4,0.02458,0,0,1774743892977,True,True
0,39.38,1.24174,0,0,1774743952866,True,True
0,39.4,4.01193117,0,0,1774744105130,True,True
0,39.4,8.01678039,0,0,1774744105130,True,True
0,39.4,1.11267767,0,0,1774744105130,True,True
0,39.4,0.50916037,0,0,1774744105130,True,True
0,39.4,1.87331002,0,0,1774744105130,True,True
0,39.4,133.59635991,0,0,1774744147077,True,True
0,39.4,128.67847567,0,0,1774744147404,True,True
0,39.4,146.8159419,0,0,1774744147948,True,True
0,39.4,137.96765325,0,0,1774744148554,True,True
0,39.45,0.49582,0,0,1774744179877,True,True
0,39.46,0.7004,0,0,1774744182624,True,True
0,39.45,0.227606,0,0,1774744200466,True,True
0,39.51,33.5570561,0,0,1774744270305,True,True
0,39.51,7.62497198,0,0,1774744270305,True,True
0,39.52,127.04281951,0,0,1774744270315,True,True
0,39.52,127.70482574,0,0,1774744270536,True,True
0,39.52,130.86821437,0,0,1774744271028,True,True
0,39.52,126.67377067,0,0,1774744271501,True,True
0,39.52,126.77943634,0,0,1774744272106,True,True
0,39.52,199.88567357,0,0,1774744272515,True,True
0,39.52,134.02792854,0,0,1774744272601,True,True
0,39.52,27.01733126,0,0,1774744277004,True,True
0,39.53,102.70442055,0,0,1774744277004,True,True
0,39.53,135.40895274,0,0,1774744277992,True,True
0,39.53,128.01562509,0,0,1774744283718,True,True
0,39.53,134.0600166,0,0,1774744284171,True,True
0,39.53,132.7704926,0,0,1774744284763,True,True
0,39.53,132.96855353,0,0,1774744285260,True,True
0,39.5,9.3854337,0,0,1774744374114,False,True
0,39.53,13.21519,0,0,1774744389960,True,True
0,39.53,13.281052,0,0,1774744431563,True,True
0,39.53,131.65193226,0,0,1774744465739,True,True
0,39.52,30.36437246,0,0,1774744467952,False,True
0,39.52,70.63562754,0,0,1774744467952,False,True
0,39.53,13.512146,0,0,1774744485187,True,True
0,39.53,62.41161863,0,0,1774744557509,True,True
0,39.54,65.84742333,0,0,1774744557509,True,True
0,39.51,0.227606,0,0,1774744604294,False,True
0,39.47,0.216829,0,0,1774744740866,True,True
0,39.47,4.4639855,0,0,1774744803448,False,True
0,39.46,0.21683584,0,0,1774744844451,False,True
0,39.46,2.29931994,0,0,1774744844451,False,True
0,39.47,0.216829,0,0,1774744871973,False,True
0,39.45,1.79707187,0,0,1774744934632,False,True
0,39.47,0.17233,0,0,1774744985033,True,True
0,39.47,0.990979,0,0,1774745043171,False,True
0,39.47,0.05051097,0,0,1774745116084,True,True
0,39.48,0.02310613,0,0,1774745116084,True,True
0,39.46,0.0736,0,0,1774745139612,False,True
0,39.54,128.79646514,0,0,1774745488550,True,True
0,39.54,131.06344062,0,0,1774745495062,True,True
0,39.54,138.14104348,0,0,1774745495848,True,True
0,39.54,141.47079778,0,0,1774745496785,True,True
0,39.54,126.91181798,0,0,1774745497369,True,True
0,39.54,136.07050329,0,0,1774745497898,True,True
0,39.54,126.66539495,0,0,1774745498256,True,True
0,39.54,5.03311343,0,0,1774745516257,True,True
0,39.55,122.98847996,0,0,1774745516257,True,True
0,39.55,128.81250115,0,0,1774745520142,True,True
0,39.54,0.2985817,0,0,1774745529856,False,True
0,39.55,132.1454912,0,0,1774745541078,True,True
0,39.55,146.36571985,0,0,1774745541401,True,True
0,39.55,135.61835902,0,0,1774745541968,True,True
0,39.55,135.62018611,0,0,1774745542466,True,True
0,39.55,129.87601257,0,0,1774745543013,True,True
0,39.54,5.0,0,0,1774745549469,False,True
0,39.55,68.57325014,0,0,1774745552364,True,True
0,39.53,21.09533,0,0,1774745625768,True,True
0,39.52,0.25303643,0,0,1774745646634,False,True
0,39.51,0.4627156,0,0,1774745691535,True,True
0,39.51,2.4938544,0,0,1774745691535,True,True
0,39.49,6.10537,0,0,1774745817615,True,True
0,39.52,0.61187762,0,0,1774746033016,False,True
0,39.52,0.6118776,0,0,1774746070967,True,True
0,39.52,2.6968324,0,0,1774746070967,True,True
0,39.5,0.61187762,0,0,1774746114120,False,True
0,39.5,20.0,0,0,1774746114120,False,True
0,39.5,101.15799908,0,0,1774746114120,False,True
0,39.5,13.6481623,0,0,1774746114120,False,True
0,39.53,0.01782,0,0,1774746190035,True,True
0,39.54,0.51439,0,0,1774746242414,True,True
0,39.56,0.25028,0,0,1774746255212,True,True
0,39.55,0.53222595,0,0,1774746281714,False,True
0,39.51,0.6118936,0,0,1774746301672,True,True
0,39.52,3.5624664,0,0,1774746301672,True,True
0,39.56,1.17836,0,0,1774746413400,True,True
0,39.56,1.8916576,0,0,1774746458391,True,True
0,39.56,129.61879853,0,0,1774746458391,True,True
0,39.56,64.72457313,0,0,1774746458513,True,True
0,39.56,72.50597112,0,0,1774746458580,True,True
0,39.59,1.6556658,0,0,1774746570590,True,True
0,39.6,0.8443342,0,0,1774746570590,True,True
0,39.59,0.61187762,0,0,1774746598155,False,True
0,39.58,101.14113,0,0,1774746598277,False,True
0,39.58,3.37e-06,0,0,1774746598400,False,True
0,39.59,2.03376,0,0,1774746761357,True,True
0,39.57,0.2241,0,0,1774746793896,False,True
0,39.59,5.80572,0,0,1774746794238,True,True
0,39.58,13.3297787,0,0,1774746806473,False,True
0,39.61,994.78,0,0,1774747330334,True,True
0,39.61,5.2199999,0,0,1774747330334,True,True
0,39.61,136.67164455,0,0,1774747330334,True,True
0,39.53,0.16436,0,0,1774747490033,True,True
0,39.53,0.23239,0,0,1774747589980,True,True
0,39.5,0.325,0,0,1774747748176,False,True
0,39.49,0.5,0,0,1774747800034,True,True
0,39.45,16.2525306,0,0,1774747826199,False,True
0,39.44,0.25666,0,0,1774747836274,False,True
0,39.41,1.24384,0,0,1774748099033,True,True
0,39.42,20.47800072,0,0,1774748099542,True,True
0,39.42,0.2831576,0,0,1774748099542,True,True
0,39.42,102.20358042,0,0,1774748099542,True,True
0,39.4,1.30622,0,0,1774748105550,False,True
0,39.4,9.8e-06,0,0,1774748105590,False,True
0,39.39,1.0,0,0,1774748121230,True,True
0,39.39,0.50272,0,0,1774748179036,True,True
0,39.39,0.24882,0,0,1774748233036,True,True
0,39.38,1.37418,0,0,1774748250539,True,True
0,39.36,0.44755049,0,0,1774748270975,False,True
0,39.35,7.589173,0,0,1774748274508,False,True
0,39.35,7.587253,0,0,1774748274508,False,True
0,39.35,7.593014,0,0,1774748274508,False,True
0,39.32,5.0125313,0,0,1774748274508,False,True
0,39.32,4.4883557,0,0,1774748277531,False,True
0,39.32,5.5116443,0,0,1774748277531,False,True
0,39.32,3.9892427,0,0,1774748277532,False,True
0,39.32,9.5008773,0,0,1774748277532,False,True
0,39.32,9.7e-06,0,0,1774748308992,False,True
0,39.31,7.593014,0,0,1774748312055,False,True
0,39.29,6.65199005,0,0,1774748317766,False,True
0,39.25,0.25188916,0,0,1774748402795,False,True
0,39.25,0.32124264,0,0,1774748402795,False,True
0,39.25,1.9746389,0,0,1774748470897,False,True
0,39.25,10.1910811,0,0,1774748470897,False,True
0,39.36,0.49817,0,0,1774748699473,True,True
0,39.31,52.34218916,0,0,1774748778720,False,True
0,39.31,38.38027331,0,0,1774748798714,False,True
0,39.32,80.0,0,0,1774748889607,False,True
0,39.32,30.51881993,0,0,1774748889607,False,True
0,39.32,61.6895421,0,0,1774748889607,False,True
0,39.32,174.66939507,0,0,1774748889609,True,True
0,39.35,0.07843,0,0,1774748970804,False,True
0,39.4,101.51442543,0,0,1774749056681,True,True
0,39.44,0.226911,0,0,1774749130491,True,True
0,39.43,30.43367993,0,0,1774749540974,False,True
0,39.43,20.0,0,0,1774749540974,False,True
0,39.43,8.36618207,0,0,1774749540974,False,True
0,39.48,1.25418,0,0,1774749603036,True,True
0,39.48,0.05969,0,0,1774749618274,True,True
0,39.49,12.53607,0,0,1774749648609,True,True
0,39.49,0.25072,0,0,1774749660393,True,True
0,39.48,0.226911,0,0,1774749664294,False,True
0,39.49,25.1337266,0,0,1774749906539,True,True
0,39.49,5.06457331,0,0,1774750134842,True,True
0,39.51,44.88264,0,0,1774750344175,True,True
0,39.53,5.0620096,0,0,1774750509559,True,True
0,39.53,95.0,0,0,1774750534075,True,True
0,39.5,12.37968,0,0,1774750958136,True,True
0,39.51,0.2151618,0,0,1774750989175,True,True
0,39.46,30.40634512,0,0,1774751125767,False,True
0,39.46,65.32935488,0,0,1774751125767,False,True
0,39.43,2.90286,0,0,1774751215818,False,True
0,39.43,0.2151618,0,0,1774751253578,False,True
0,39.46,2.0,0,0,1774751377062,True,True
0,39.57,1.570054,0,0,1774751886043,True,True
0,39.58,0.2893,0,0,1774751909406,True,True
0,39.64,0.49465,0,0,1774751975797,True,True
0,39.64,1.3034,0,0,1774751975797,True,True
0,39.63,1.0565579,0,0,1774752003306,False,True
0,39.71,6.65199005,0,0,1774752622759,True,True
0,39.69,16.0018032,0,0,1774752629711,False,True
0,39.69,1.0,0,0,1774752669235,False,True
0,39.69,0.78856,0,0,1774752769182,False,True
0,39.72,0.6119105,0,0,1774752780985,True,True
0,39.73,1.0829,0,0,1774752780985,True,True
0,39.74,20.01258179,0,0,1774752857670,True,True
0,39.72,2.56444813,0,0,1774752936595,False,True
0,39.72,2.56444813,0,0,1774752936596,False,True
0,39.72,2.30800332,0,0,1774752938527,False,True
0,39.72,4.50959878,0,0,1774753002916,False,True
0,39.72,37.02882678,0,0,1774753002916,False,True
0,39.73,0.49799,0,0,1774753217037,True,True
0,39.73,1.24603,0,0,1774753217808,True,True
0,39.72,1.24635,0,0,1774753231995,True,True
0,39.72,0.05233,0,0,1774753234031,True,True
0,39.77,1.1853908,0,0,1774753730871,True,True
0,39.76,0.61187762,0,0,1774753840550,False,True
0,39.76,3.33333334,0,0,1774753840550,False,True
0,39.76,30.18088948,0,0,1774753840550,False,True
0,39.76,3.33333334,0,0,1774753840550,False,True
0,39.76,3.33333334,0,0,1774753840550,False,True
0,39.76,3.33333334,0,0,1774753840550,False,True
0,39.76,3.33333334,0,0,1774753840550,False,True
0,39.76,3.33333334,0,0,1774753840550,False,True
0,39.76,3.33333334,0,0,1774753840550,False,True
0,39.76,3.33333334,0,0,1774753840550,False,True
0,39.76,3.33333334,0,0,1774753840550,False,True
0,39.76,3.33333334,0,0,1774753840550,False,True
0,39.76,3.33333334,0,0,1774753840550,False,True
0,39.76,0.79276704,0,0,1774753840550,False,True
0,39.76,2.5405663,0,0,1774753840550,False,True
0,39.76,3.33333334,0,0,1774753840550,False,True
0,39.76,3.33333334,0,0,1774753840550,False,True
0,39.76,3.33333324,0,0,1774753840550,False,True
0,39.67,3.33333,0,0,1774753921325,False,True
0,39.68,4.14481771,0,0,1774753929787,True,True
0,39.68,3.11708,0,0,1774754016445,True,True
0,39.69,0.252016,0,0,1774754092812,True,True
0,39.68,0.6118776,0,0,1774754113372,True,True
0,39.68,27.94889696,0,0,1774754113372,True,True
0,39.73,61.6895421,0,0,1774754162887,False,True
0,39.72,0.61187762,0,0,1774754162887,False,True
0,39.72,37.76405813,0,0,1774754162887,False,True
0,39.72,31.7194536,0,0,1774754162887,False,True
0,39.82,3.11708,0,0,1774754237639,False,True
0,39.92,0.96148853,0,0,1774754427871,True,True
0,39.93,0.8637,0,0,1774754427871,True,True
0,39.93,0.646,0,0,1774754427871,True,True
0,39.93,1.43761395,0,0,1774754430870,True,True
0,39.93,1.0,0,0,1774754431246,True,True
0,39.93,12.10163867,0,0,1774754432695,True,True
0,39.93,1.0,0,0,1774754450342,True,True
0,39.87,20.51392253,0,0,1774754639229,True,True
0,39.87,100.05539146,0,0,1774754639229,True,True
0,39.88,20.51392253,0,0,1774754639229,True,True
0,39.88,7.965575,0,0,1774754639229,True,True
0,39.88,10.62464855,0,0,1774754639229,True,True
0,39.88,87.92999273,0,0,1774754639229,True,True
0,39.92,1.79707187,0,0,1774754759827,True,True
0,39.91,0.02457,0,0,1774754781050,True,True
0,39.89,0.36411,0,0,1774754919728,True,True
0,39.87,2.75896,0,0,1774754966524,False,True
0,39.87,6.64e-06,0,0,1774754966570,False,True
0,39.83,0.252016,0,0,1774754971018,False,True
0,39.83,0.2743192,0,0,1774754992870,False,True
0,39.85,5.0213407,0,0,1774755016634,True,True
0,39.85,0.92246,0,0,1774755043976,False,True
0,39.83,23.0047442,0,0,1774755269522,False,True
0,39.8,0.2,0,0,1774755304583,False,True
0,39.85,0.34225,0,0,1774755457348,False,True
0,39.85,0.6118776,0,0,1774755518796,True,True
0,39.85,0.25100223,0,0,1774755518796,True,True
0,39.86,2.63111017,0,0,1774755518796,True,True
0,39.84,0.61187762,0,0,1774755564914,False,True
0,39.84,0.76230238,0,0,1774755564914,False,True
0,39.85,0.24846,0,0,1774755627386,True,True
0,39.83,0.1149576,0,0,1774755679710,True,True
0,39.83,3.7754824,0,0,1774755679710,True,True
0,39.81,0.02402,0,0,1774755906439,True,True
0,39.79,5.93678,0,0,1774755950036,False,True
0,39.82,37.66989091,0,0,1774755969923,True,True
0,39.83,37.67569731,0,0,1774755969926,True,True
0,39.83,0.24846,0,0,1774755969926,True,True
0,39.83,6.5757366,0,0,1774755969926,True,True
0,39.84,71.37882727,0,0,1774755969926,True,True
0,39.84,54.12587659,0,0,1774755969928,True,True
0,39.9,1.0177913,0,0,1774755973192,True,True
0,39.9,0.02481,0,0,1774755991034,True,True
0,39.89,0.61187762,0,0,1774755991479,False,True
0,39.89,0.98746553,0,0,1774756076213,True,True
0,39.91,0.6118776,0,0,1774756326173,True,True
0,39.91,24.44449912,0,0,1774756326173,True,True
0,39.93,0.61187762,0,0,1774756421589,False,True
0,39.92,1.48240522,0,0,1774756421589,False,True
0,39.92,0.66182365,0,0,1774756443874,True,True
0,39.95,5.77396745,0,0,1774756678772,False,True
0,39.94,0.52578868,0,0,1774756683407,True,True
0,39.88,2.50752,0,0,1774756940341,False,True
0,39.88,2.5e-06,0,0,1774756950973,False,True
0,39.86,0.85321,0,0,1774757006032,True,True
0,39.9,2.45020715,0,0,1774757076488,True,True
0,39.94,1.38046,0,0,1774757280945,True,True
0,39.97,0.48475,0,0,1774757445960,True,True
0,39.97,61.6895421,0,0,1774757534421,True,True
0,39.97,20.60650896,0,0,1774757534421,True,True
0,39.98,20.60650896,0,0,1774757534421,True,True
0,39.98,51.91028907,0,0,1774757534421,True,True
0,39.98,37.52065547,0,0,1774757534421,True,True
0,39.98,263.76,0,0,1774757534421,True,True
0,39.98,99.9130787,0,0,1774757534421,True,True
0,39.98,0.6118776,0,0,1774757534421,True,True
0,39.99,0.8949701,0,0,1774757534421,True,True
0,39.99,250.24,0,0,1774757534421,True,True
0,39.99,250.24,0,0,1774757534421,True,True
0,39.99,125.03415236,0,0,1774757534421,True,True
0,39.99,67.28499482,0,0,1774757534421,True,True
0,39.98,37.52266978,0,0,1774757551250,True,True
0,39.98,32.51234772,0,0,1774757551250,True,True
0,40.03,0.61187762,0,0,1774757668475,False,True
0,40.03,54.28333642,0,0,1774757668475,False,True
0,40.03,45.70280861,0,0,1774757668475,False,True
0,40.0,101.3941698,0,0,1774757668491,False,True
0,40.0,22.3623702,0,0,1774757668491,False,True
0,40.0,8.94e-06,0,0,1774757668494,False,True
0,39.95,0.51101652,0,0,1774757668524,False,True
0,39.95,0.31207993,0,0,1774757668524,False,True
0,39.95,25.36714,0,0,1774757673492,False,True
0,39.95,1.34e-06,0,0,1774757673502,False,True
0,39.93,0.85648866,0,0,1774757673502,False,True
0,39.95,0.05779,0,0,1774757731980,False,True
0,39.93,1.021e-05,0,0,1774758049155,False,True
0,40.01,0.83667,0,0,1774758236107,True,True
0,39.99,0.57414353,0,0,1774758373381,False,True
0,39.95,4.83204005,0,0,1774758575553,True,True
0,39.97,1.31398,0,0,1774758948615,False,True
0,39.97,5.48e-06,0,0,1774758949607,False,True
0,39.88,1.0952551,0,0,1774759202713,False,True
0,39.9,0.62036,0,0,1774759373036,True,True
0,39.85,5.50539523,0,0,1774760227957,False,True
0,39.8,9.88776,0,0,1774760285258,False,True
0,39.79,0.990979,0,0,1774760311501,False,True
0,39.77,1.86506,0,0,1774760731591,False,True
0,39.77,3.5e-06,0,0,1774760731592,False,True
0,39.74,0.6118776,0,0,1774760749768,True,True
0,39.75,11.72549292,0,0,1774760749768,True,True
0,39.75,2.66262948,0,0,1774760749768,True,True
0,39.76,0.03269,0,0,1774760983034,True,True
0,39.73,0.61187762,0,0,1774761204994,False,True
0,39.73,37.75483618,0,0,1774761204994,False,True
0,39.72,11.6332862,0,0,1774761204994,False,True
0,39.71,37.76758109,0,0,1774761346376,False,True
0,39.7,62.23241891,0,0,1774761346376,False,True
0,39.75,0.65610062,0,0,1774761774487,False,True
0,39.75,0.6118776,0,0,1774762052038,True,True
0,39.75,2.43214755,0,0,1774762052038,True,True
0,39.73,0.16158,0,0,1774762537316,True,True
0,39.7,0.61187762,0,0,1774762684033,False,True
0,39.67,3.34e-06,0,0,1774762802496,False,True
0,39.67,0.61432726,0,0,1774762802496,False,True
0,39.67,3.33333334,0,0,1774762821216,False,True
0,39.67,3.33333334,0,0,1774762821216,False,True
0,39.67,3.33333334,0,0,1774762821222,False,True
0,39.67,3.33333334,0,0,1774762821222,False,True
0,39.67,3.33333334,0,0,1774762821243,False,True
0,39.67,3.33333334,0,0,1774762821243,False,True
0,39.67,3.33333334,0,0,1774762823578,False,True
0,39.67,3.33333334,0,0,1774762823578,False,True
0,39.67,3.33333334,0,0,1774762830497,False,True
0,39.67,17.90345349,0,0,1774762830497,False,True
0,39.67,3.33333334,0,0,1774762832064,False,True
0,39.67,3.33333334,0,0,1774762832064,False,True
0,39.67,3.33333334,0,0,1774762832098,False,True
0,39.67,3.33333334,0,0,1774762832100,False,True
0,39.67,3.33333324,0,0,1774762855685,False,True
0,39.68,37.0288268,0,0,1774762954144,False,True
0,39.7,5.0620096,0,0,1774763109550,False,True
0,39.74,0.2467,0,0,1774763352112,True,True
0,39.87,0.24544,0,0,1774763831890,True,True
0,39.82,2.51130085,0,0,1774763992647,False,True
0,39.87,0.6118776,0,0,1774764388021,True,True
0,39.87,99.3881224,0,0,1774764388021,True,True
0,39.93,1.1326429,0,0,1774764549737,True,True
0,39.93,0.29446,0,0,1774765227007,True,True
0,39.89,0.03653,0,0,1774765550541,True,True
0,39.85,0.17691,0,0,1774766172034,True,True
0,39.84,0.61187762,0,0,1774766284148,False,True
0,39.84,1.89564488,0,0,1774766284148,False,True
0,39.87,0.46182,0,0,1774766318015,True,True
0,39.87,0.20065212,0,0,1774766333815,True,True
0,39.88,0.02756,0,0,1774766373033,True,True
0,39.87,0.545135,0,0,1774766468630,True,True
0,39.85,0.6118776,0,0,1774766484547,True,True
0,39.85,1.6381224,0,0,1774766484547,True,True
0,39.84,0.545135,0,0,1774766703922,False,True
0,39.89,0.2,0,0,1774767005355,False,True
0,39.91,0.04391,0,0,1774767117032,True,True
0,39.92,0.20443101,0,0,1774767123486,True,True
0,39.91,0.20443101,0,0,1774767138934,True,True
0,39.94,0.25037556,0,0,1774767307922,True,True
0,39.86,1.66543,0,0,1774767401616,False,True
0,39.88,0.02458,0,0,1774767416038,True,True
0,39.77,0.65362,0,0,1774767628032,True,True
0,39.76,3.3035955,0,0,1774767650536,False,True
0,39.74,1.68721,0,0,1774767652096,False,True
0,39.74,2.6e-06,0,0,1774767652106,False,True
0,39.69,1.0,0,0,1774767827254,True,True
0,39.71,21.1365117,0,0,1774767867461,True,True
0,39.71,37.77920949,0,0,1774767867461,True,True
0,39.71,0.408155,0,0,1774768107499,True,True
0,39.72,7.95423364,0,0,1774768107499,True,True
0,39.73,0.84605,0,0,1774768216991,True,True
0,39.72,0.02991,0,0,1774768302037,True,True
0,39.71,0.2,0,0,1774768506072,False,True
0,39.74,0.23116,0,0,1774769001973,True,True
0,39.73,0.25176234,0,0,1774769140460,True,True
0,39.73,0.02437,0,0,1774769232052,True,True
0,39.67,10.1,0,0,1774769648779,True,True
0,39.64,0.12332,0,0,1774769732036,True,True
0,39.67,0.03653,0,0,1774769818211,False,True
0,39.72,0.19851,0,0,1774769883912,True,True
0,39.71,0.2,0,0,1774769886715,False,True
0,39.72,0.07062,0,0,1774769900671,True,True
0,39.7,0.19635,0,0,1774769919526,True,True
0,39.69,15.17838246,0,0,1774770038585,False,True
0,39.67,0.21094,0,0,1774770089281,True,True
0,39.65,0.20443101,0,0,1774770158978,False,True
0,39.65,0.16743,0,0,1774770166555,False,True
0,39.65,5.93330922,0,0,1774770348118,False,True
0,39.65,17.65447668,0,0,1774770591909,True,True
0,39.65,7.20840332,0,0,1774770591909,True,True
0,39.67,19.31990181,0,0,1774770620400,True,True
0,39.67,6.49925819,0,0,1774770620400,True,True
0,39.67,25.90944,0,0,1774770645005,True,True
0,39.68,0.89799,0,0,1774770660333,True,True
0,39.67,26.33893,0,0,1774770684145,True,True
0,39.68,0.44899,0,0,1774770833366,False,True
0,39.68,1.87166,0,0,1774771222038,True,True
0,39.69,2.51952633,0,0,1774771290544,True,True
0,39.68,0.2,0,0,1774771298027,False,True
0,39.67,5.55032441,0,0,1774771424151,False,True
0,39.76,3.3035955,0,0,1774771725875,True,True
0,39.77,0.25157291,0,0,1774771725875,True,True
0,39.78,1.40704159,0,0,1774771725875,True,True
0,39.71,0.2,0,0,1774771805303,False,True
0,39.74,0.2243604,0,0,1774771830974,True,True
0,39.66,37.81464579,0,0,1774771949746,False,True
0,39.62,0.2243604,0,0,1774771962040,False,True
0,39.74,0.04983,0,0,1774772128034,True,True
0,39.76,5.0,0,0,1774772815963,True,True
0,39.71,1.9,0,0,1774772922719,False,True
0,39.82,2.37041,0,0,1774773694123,True,True
0,39.86,1.3499,0,0,1774773904995,True,True
0,39.86,1.3499,0,0,1774773904995,True,True
0,39.87,1.33653,0,0,1774773953290,False,True
0,39.88,6.78435306,0,0,1774774218791,True,True
0,39.82,32.0,0,0,1774774311299,False,True
0,39.84,0.2236096,0,0,1774774573158,True,True
0,39.83,0.48946,0,0,1774774842036,True,True
0,39.82,16.1659002,0,0,1774774951933,True,True
0,39.82,0.2139099,0,0,1774775074354,False,True
0,39.85,1.65129,0,0,1774775077329,True,True
0,39.78,0.2236096,0,0,1774775103729,False,True
0,39.77,37.72033826,0,0,1774775295581,True,True
0,39.76,0.7633994,0,0,1774775436809,False,True
0,39.78,0.50502,0,0,1774775554281,True,True
0,39.78,0.03278,0,0,1774775554281,True,True
0,39.77,0.449,0,0,1774775626450,False,True
0,39.77,0.051,0,0,1774775690563,False,True
0,39.75,0.5,0,0,1774775763575,True,True
0,39.75,1.39144477,0,0,1774775763575,True,True
0,39.74,0.61187762,0,0,1774775775121,False,True
0,39.74,1.28205233,0,0,1774775775121,False,True
0,39.74,0.25,0,0,1774775942772,False,True
0,39.67,0.26517583,0,0,1774776007177,False,True
0,39.67,1.00523,0,0,1774776041986,False,True
0,39.69,0.6118776,0,0,1774776060725,True,True
0,39.71,22.52936,0,0,1774776077760,True,True
0,39.69,1.63721,0,0,1774776258037,True,True
0,39.71,7.32123,0,0,1774776280293,True,True
0,39.7,12.20512,0,0,1774776428574,True,True
0,39.69,0.61187762,0,0,1774776443222,False,True
0,39.69,19.26511698,0,0,1774776458311,True,True
0,39.73,1.6376086,0,0,1774776772537,True,True
0,39.74,0.25000018,0,0,1774776772537,True,True
0,39.74,0.6118776,0,0,1774776772537,True,True
0,39.75,0.61187762,0,0,1774776780586,False,True
0,39.63,18.58929053,0,0,1774776842755,False,True
0,39.63,37.83597278,0,0,1774776842755,False,True
0,39.66,21.60699086,0,0,1774776853413,False,True
0,39.66,10.80260304,0,0,1774776853413,False,True
0,39.66,80.0,0,0,1774776853413,False,True
0,39.66,28.63891793,0,0,1774776853413,False,True
0,39.66,37.81952597,0,0,1774776853413,False,True
0,39.65,21.60699086,0,0,1774776853413,False,True
0,39.65,80.0,0,0,1774776853413,False,True
0,39.65,37.82916281,0,0,1774776853413,False,True
0,39.65,36.71299104,0,0,1774776853413,False,True
0,39.65,100.56954587,0,0,1774776853413,False,True
0,39.65,165.7695241,0,0,1774776853413,False,True
0,39.6,0.37878788,0,0,1774777167784,False,True
0,39.59,0.4995222,0,0,1774777202702,False,True
0,39.59,0.6618237,0,0,1774777206563,False,True
0,39.59,78.8386541,0,0,1774777213077,False,True
0,39.58,12.63264274,0,0,1774777213077,False,True
0,39.58,37.89792824,0,0,1774777213077,False,True
0,39.58,80.0,0,0,1774777213077,False,True
0,39.58,21.72716508,0,0,1774777213077,False,True
0,39.58,58.30453081,0,0,1774777213077,False,True
0,39.57,21.72716508,0,0,1774777213077,False,True
0,39.57,13.22203193,0,0,1774777213077,False,True
0,39.57,222.99420222,0,0,1774777213077,False,True
0,39.54,1.6872126,0,0,1774777302862,False,True
0,39.54,22.1310674,0,0,1774777302862,False,True
0,39.55,1.2032863,0,0,1774777303602,True,True
0,39.54,0.6118776,0,0,1774777483439,True,True
0,39.54,0.03286,0,0,1774777889037,True,True
0,39.53,0.37684975,0,0,1774777900580,False,True
0,39.53,0.61187762,0,0,1774777900580,False,True
0,39.54,12.2464666,0,0,1774777950284,False,True
0,39.58,0.25015,0,0,1774777959033,True,True
0,39.58,0.2447,0,0,1774778148318,True,True
0,39.57,0.07504,0,0,1774778400241,True,True
0,39.53,0.16599,0,0,1774778429038,True,True
0,39.53,0.31608536,0,0,1774778429639,True,True
0,39.53,0.4693985,0,0,1774778431069,True,True
0,39.5,1.0,0,0,1774778802156,False,True
0,39.46,0.6118776,0,0,1774778820184,True,True
0,39.45,5.0213407,0,0,1774778820184,False,True
0,39.43,0.61187762,0,0,1774779010289,False,True
0,39.43,0.43512238,0,0,1774779010289,False,True
0,39.43,1.0,0,0,1774779038984,True,True
0,39.39,1.0,0,0,1774779102851,True,True
0,39.39,0.22202315,0,0,1774779245961,True,True
0,39.36,22.0593199,0,0,1774779851976,False,True
0,39.36,16.04799111,0,0,1774779851977,False,True
0,39.34,1.68721,0,0,1774779852022,False,True
0,39.34,2.6e-06,0,0,1774779863784,False,True
0,39.31,15.89926227,0,0,1774779993717,False,True
0,39.29,6.65199005,0,0,1774780086787,False,True
0,39.28,0.8983514,0,0,1774780086787,False,True
0,39.28,38.18732217,0,0,1774780086787,False,True
0,39.27,22.10023676,0,0,1774780086787,False,True
0,39.27,25.94631255,0,0,1774780086787,False,True
0,39.27,38.18266826,0,0,1774780086787,False,True
0,39.26,22.10023676,0,0,1774780086787,False,True
0,39.26,127.34726364,0,0,1774780086787,False,True
0,39.25,18.5856183,0,0,1774780086787,False,True
0,39.25,2.5,0,0,1774780086787,False,True
0,39.25,0.25,0,0,1774780156047,True,True
0,39.27,0.00218,0,0,1774780156047,True,True
0,39.28,0.24891,0,0,1774780174324,True,True
0,39.4,0.27047,0,0,1774780794175,True,True
0,39.38,1.0758552,0,0,1774780802910,False,True
0,39.38,0.225746,0,0,1774780852376,True,True
0,39.35,0.6096976,0,0,1774781040534,True,True
0,39.34,0.61187762,0,0,1774781072658,False,True
0,39.25,0.225746,0,0,1774781114268,False,True
0,39.25,0.6118776,0,0,1774781126116,True,True
0,39.27,40.34828014,0,0,1774781128825,True,True
0,39.27,0.81551986,0,0,1774781128825,True,True
0,39.24,25.48419979,0,0,1774781269063,False,True
0,39.24,0.61187762,0,0,1774781269063,False,True
0,39.23,6.91562,0,0,1774781269123,False,True
0,39.23,3.55e-06,0,0,1774781306231,False,True
0,39.22,15.93574706,0,0,1774781313119,False,True
0,39.21,12.75184902,0,0,1774781313119,False,True
0,39.21,38.25426214,0,0,1774781313119,False,True
0,39.22,0.6118776,0,0,1774781394661,True,True
0,39.37,0.0249,0,0,1774781809030,True,True
0,39.37,0.02489,0,0,1774781814034,True,True
0,39.37,0.65633627,0,0,1774781825853,True,True
0,39.41,0.61187762,0,0,1774782172352,False,True
0,39.4,0.27518008,0,0,1774782172352,False,True
0,39.41,7.0057879,0,0,1774782177158,False,True
0,39.54,1.6872126,0,0,1774782422118,True,True
0,39.51,101.33126195,0,0,1774782470669,True,True
0,39.52,252.98,0,0,1774782470669,True,True
0,39.53,61.6895421,0,0,1774782470669,True,True
0,39.53,132.10585985,0,0,1774782470669,True,True
0,39.53,35.93024545,0,0,1774782491619,True,True
0,39.53,1.19350686,0,0,1774782491619,True,True
0,39.53,42.78855205,0,0,1774782491619,True,True
0,39.53,36.01794109,0,0,1774782491620,True,True
0,39.55,5.00058,0,0,1774782497450,False,True
0,39.53,0.4893124,0,0,1774782524015,False,True
0,39.52,0.4897647,0,0,1774782830825,False,True
0,39.52,0.14883108,0,0,1774782830825,False,True
0,39.52,0.34093362,0,0,1774782839188,False,True
0,39.49,1.0,0,0,1774783035214,True,True
0,39.45,0.28082268,0,0,1774783208067,False,True
0,39.46,0.2139291,0,0,1774783215006,True,True
0,39.41,2.39881,0,0,1774784018456,False,True
0,39.42,0.2139291,0,0,1774784020750,False,True
0,39.41,0.45409,0,0,1774784108456,True,True
0,39.4,61.6895421,0,0,1774784130353,False,True
0,39.39,37.2042833,0,0,1774784130353,False,True
0,39.43,0.79786688,0,0,1774784152088,True,True
0,39.43,0.61603116,0,0,1774784152088,True,True
0,39.44,11.81186,0,0,1774784194478,True,True
0,39.44,0.6118776,0,0,1774784480760,True,True
0,39.44,0.4881224,0,0,1774784480760,True,True
0,39.46,0.61187762,0,0,1774784831767,False,True
0,39.35,0.04923,0,0,1774785436984,True,True
0,39.34,1.68721,0,0,1774785459199,False,True
0,39.34,2.6e-06,0,0,1774785531398,False,True
0,39.34,0.1258,0,0,1774785600247,True,True
0,39.33,0.4897647,0,0,1774785616282,False,True
0,39.31,0.12466,0,0,1774785655037,True,True
0,39.3,1.7788736,0,0,1774785951718,False,True
0,39.31,250.0,0,0,1774785956993,True,True
0,39.31,61.6895421,0,0,1774786249903,True,True
0,39.39,38.0614,0,0,1774786973247,False,True
0,39.43,0.62145,0,0,1774787286791,True,True
0,39.43,0.8524146,0,0,1774787293631,True,True
0,39.46,2.6623948,0,0,1774787537948,True,True
0,39.3,101.65604453,0,0,1774787866322,False,True
0,39.29,133.45,0,0,1774787866322,False,True
0,39.29,17.44653493,0,0,1774787866322,False,True
0,39.29,184.89590292,0,0,1774787866322,False,True
0,39.32,17.44653493,0,0,1774787866322,True,True
0,39.32,40.0,0,0,1774787866322,True,True
0,39.33,17.44653493,0,0,1774787866322,True,True
0,39.33,27.59211786,0,0,1774787866322,True,True
0,39.33,22.28773936,0,0,1774787866322,True,True
0,39.33,61.6895421,0,0,1774787866322,True,True
0,39.34,250.9860132,0,0,1774787866322,True,True
0,39.33,0.6118776,0,0,1774787889848,True,True
0,39.34,0.6190824,0,0,1774787889848,True,True
0,39.26,1.0763327,0,0,1774788002994,False,True
0,39.28,1.24758,0,0,1774788024034,True,True
0,39.24,31.85524974,0,0,1774788181572,False,True
0,39.18,129.5058396,0,0,1774788225865,False,True
0,39.19,0.21128605,0,0,1774788315026,False,True
0,39.19,0.61187762,0,0,1774788315026,False,True
0,39.19,1.26288,0,0,1774788321459,True,True
0,39.18,1.4692941,0,0,1774788367457,False,True
0,39.18,69.02486,0,0,1774788370272,False,True
0,39.18,6.3e-06,0,0,1774788371945,False,True
0,39.17,26.58897981,0,0,1774788371947,False,True
0,39.24,0.25224,0,0,1774788454036,True,True
0,39.21,0.6118776,0,0,1774788531440,True,True
0,39.22,4.48771749,0,0,1774788531440,True,True
0,39.21,8.0,0,0,1774788786507,True,True
0,39.22,0.24997,0,0,1774788921193,True,True
0,39.14,1.6872126,0,0,1774789227312,False,True
0,39.13,0.61187762,0,0,1774789227312,False,True
0,39.1,47.11081172,0,0,1774789227318,False,True
0,39.1,80.76642613,0,0,1774789229889,False,True
0,39.1,0.34238993,0,0,1774789229889,False,True
0,39.1,5.19999394,0,0,1774789229889,False,True
0,39.1,6.06e-06,0,0,1774789229889,False,True
0,39.08,50.0,0,0,1774789230348,False,True
0,39.07,38.37601067,0,0,1774789230348,False,True
0,39.06,38.38799534,0,0,1774789230348,False,True
0,39.05,2.50354073,0,0,1774789230348,False,True
0,39.05,21.41222845,0,0,1774789230348,False,True
0,39.05,17.87718674,0,0,1774789230348,False,True
0,39.06,16.55931457,0,0,1774789236861,True,True
0,39.04,9.04844,0,0,1774789237492,True,True
0,39.05,0.42691,0,0,1774789249701,True,True
0,39.03,36.1783524,0,0,1774789266641,False,True
0,39.14,0.01801,0,0,1774789435039,True,True
0,39.11,3.528,0,0,1774789449740,False,True
0,39.14,0.21155596,0,0,1774789462793,True,True
0,39.15,0.3995959,0,0,1774789592641,False,True
0,39.04,38.42019401,0,0,1774789695521,False,True
0,39.0,2.56410256,0,0,1774789778770,False,True
0,39.0,2.56410256,0,0,1774789778770,False,True
0,39.0,3.91282051,0,0,1774789778770,False,True
0,38.98,10.10699,0,0,1774789803667,True,True
0,39.01,2.41284403,0,0,1774789878815,True,True
0,39.0,0.21226096,0,0,1774789882701,True,True
0,38.97,38.48301018,0,0,1774789932666,False,True
0,38.96,0.37878788,0,0,1774789932666,False,True
0,38.96,38.11481888,0,0,1774789932667,False,True
0,38.96,0.37878112,0,0,1774789932667,False,True
0,38.99,1.02688,0,0,1774790002167,True,True
0,39.04,1.0,0,0,1774790162086,True,True
0,39.02,0.6118776,0,0,1774790193403,True,True
0,39.02,0.3881224,0,0,1774790193403,True,True
0,39.0,0.61187762,0,0,1774790198456,False,True
0,38.99,0.21236984,0,0,1774790198456,False,True
0,38.99,0.18557254,0,0,1774790198456,False,True
0,38.98,21.60283593,0,0,1774790207726,False,True
0,38.98,36.26654789,0,0,1774790207726,False,True
0,38.98,38.47490038,0,0,1774790207726,False,True
0,38.98,80.0,0,0,1774790207726,False,True
0,38.97,17.84862043,0,0,1774790207726,False,True
0,38.97,256.07,0,0,1774790207726,False,True
0,38.97,256.12,0,0,1774790207726,False,True
0,38.97,27.13796783,0,0,1774790207726,False,True
0,38.97,61.6895421,0,0,1774790207726,False,True
0,38.97,109.78708404,0,0,1774790207726,False,True
0,39.04,0.21236984,0,0,1774790241383,False,True
0,39.06,25.6016385,0,0,1774790272827,True,True
0,39.05,0.21128605,0,0,1774790293724,False,True
0,39.05,0.21155596,0,0,1774790316160,False,True
0,39.08,0.21226096,0,0,1774790339860,False,True
0,39.14,4.7533,0,0,1774790473453,True,True
0,39.13,21.59767209,0,0,1774790617727,False,True
0,39.12,21.59767209,0,0,1774790617727,False,True
0,39.12,5.46934646,0,0,1774790617727,False,True
0,39.12,255.39,0,0,1774790617727,False,True
0,39.12,59.0032982,0,0,1774790617727,False,True
0,39.1,0.5,0,0,1774791000034,True,True
0,39.11,0.06107,0,0,1774791458840,False,True
0,39.13,0.25033,0,0,1774791460037,True,True
0,39.16,1.87717,0,0,1774791511188,True,True
0,39.16,0.4093013,0,0,1774791602619,False,True
0,39.16,25.53626149,0,0,1774791613392,False,True
0,39.12,80.0,0,0,1774792315628,False,True
0,39.11,21.64468433,0,0,1774792315628,False,True
0,39.11,30.85092487,0,0,1774792315628,False,True
0,39.1,21.64468433,0,0,1774792315628,False,True
0,39.1,101.97973196,0,0,1774792315628,False,True
0,39.1,131.61,0,0,1774792315628,False,True
0,39.1,61.6895421,0,0,1774792315628,False,True
0,39.09,97.32001846,0,0,1774792315628,False,True
0,39.07,5.0,0,0,1774792638021,False,True
0,39.04,14.2450142,0,0,1774792747684,False,True
0,39.08,1.26676,0,0,1774792809034,True,True
0,39.08,38.3828045,0,0,1774792824578,False,True
0,39.08,5.30483071,0,0,1774792824578,False,True
0,39.07,2.55623722,0,0,1774792838571,True,True
0,39.07,3.29178398,0,0,1774792851571,False,True
0,39.07,0.21188076,0,0,1774792881763,True,True
0,39.03,0.20154459,0,0,1774792990348,False,True
0,39.0,0.6118776,0,0,1774792999016,True,True
0,39.0,134.64166493,0,0,1774792999016,True,True
0,39.02,0.33973082,0,0,1774793076753,False,True
0,39.02,0.2721468,0,0,1774793076753,False,True
0,39.02,1.57287166,0,0,1774793076753,False,True
0,39.0,38.45898407,0,0,1774793204740,False,True
0,38.95,32.09242618,0,0,1774793280202,False,True
0,38.94,4.85754738,0,0,1774793280595,False,True
0,38.94,10.13154,0,0,1774793280602,False,True
0,38.94,50.0,0,0,1774793284802,False,True
0,38.94,4.62681444,0,0,1774793291409,False,True
0,38.94,10.0,0,0,1774793311673,False,True
0,38.94,48.78676895,0,0,1774793329713,False,True
0,38.9,0.25697019,0,0,1774793339553,True,True
0,38.9,0.6118776,0,0,1774793339553,True,True
0,38.9,1.69543221,0,0,1774793339553,True,True
0,38.87,0.61187762,0,0,1774793401053,False,True
0,38.86,6.65199005,0,0,1774793401053,False,True
0,38.86,37.98672233,0,0,1774793401053,False,True
0,38.88,34.2015304,0,0,1774793408898,True,True
0,38.92,0.24911,0,0,1774793419505,True,True
0,38.88,7.0,0,0,1774793443176,False,True
0,38.88,1.4107875,0,0,1774793505419,False,True
0,38.88,0.2,0,0,1774793505459,False,True
0,38.99,2.72194532,0,0,1774793751125,False,True
0,38.99,22.92565,0,0,1774793765715,False,True
0,38.99,6.62e-06,0,0,1774793772330,False,True
0,38.96,0.16184,0,0,1774793775154,True,True
0,38.96,129.15596746,0,0,1774793787285,True,True
0,38.86,131.73971094,0,0,1774794111208,True,True
0,38.83,0.23243696,0,0,1774794305936,False,True
0,38.82,4.5909055,0,0,1774794305936,False,True
0,38.85,2.90286,0,0,1774794465335,False,True
0,38.87,0.25729935,0,0,1774794556031,True,True
0,38.88,0.75140065,0,0,1774794556031,True,True
0,38.82,1.63753239,0,0,1774794630447,False,True
0,38.81,5.65318216,0,0,1774794630447,False,True
0,38.8,0.3670232,0,0,1774794633592,False,True
0,38.8,38.65979381,0,0,1774794633592,False,True
0,38.79,38.3434263,0,0,1774794633592,False,True
0,38.79,0.2651721,0,0,1774794651655,True,True
0,38.79,0.9832479,0,0,1774794651655,True,True
0,38.8,1.2603,0,0,1774794809175,True,True
0,38.8,29.34462,0,0,1774795002134,False,True
0,38.84,5.0,0,0,1774795092298,False,True
0,38.84,1.2421821,0,0,1774795202790,False,True
0,38.87,1.0,0,0,1774795541152,False,True
0,38.76,2.49877,0,0,1774795729429,True,True
0,38.75,0.34548249,0,0,1774795754555,False,True
0,38.75,1.0152951,0,0,1774795754555,False,True
0,38.76,0.01818,0,0,1774795792037,True,True
0,38.76,44.6216067,0,0,1774795875668,True,True
0,38.77,22.38290465,0,0,1774795928836,False,True
0,38.77,80.0,0,0,1774795928836,False,True
0,38.77,0.9632603,0,0,1774795928836,False,True
0,38.79,0.6118776,0,0,1774796149490,True,True
0,38.8,14.2642424,0,0,1774796149490,True,True
0,38.8,36.4352,0,0,1774796215252,True,True
0,38.84,5.3916,0,0,1774796346470,True,True
0,38.86,0.61187762,0,0,1774796402550,False,True
0,38.86,0.50275651,0,0,1774796404076,True,True
0,38.87,1.2736,0,0,1774796419034,True,True
0,38.91,0.2691225,0,0,1774796476326,True,True
0,38.89,1.74374,0,0,1774796557924,True,True
0,38.91,0.02513,0,0,1774796576224,True,True
0,38.87,1.64602,0,0,1774796658876,True,True
0,38.85,25.73340195,0,0,1774796669671,True,True
0,38.85,0.6118776,0,0,1774796769097,True,True
0,38.85,25.3517724,0,0,1774796769097,True,True
0,38.88,0.61187762,0,0,1774796789083,False,True
0,38.88,1.17418238,0,0,1774796789083,False,True
0,38.9,0.02672,0,0,1774796950860,False,True
0,38.91,7.42139,0,0,1774796973397,True,True
0,38.88,3.27285,0,0,1774797017058,True,True
0,38.88,13.71822413,0,0,1774797030923,False,True
0,38.91,3.34014,0,0,1774797045038,True,True
0,38.91,0.2512,0,0,1774797078371,True,True
0,38.81,0.24485,0,0,1774797254029,False,True
0,38.89,0.054,0,0,1774797307952,False,True
0,38.89,1.22665827,0,0,1774797307952,False,True
0,38.91,0.36503497,0,0,1774797331166,True,True
0,38.91,22.68695246,0,0,1774797361540,True,True
0,38.91,21.9738652,0,0,1774797389170,True,True
0,38.89,0.81486,0,0,1774797683749,False,True
0,38.89,24.89869104,0,0,1774797720581,False,True
0,38.85,0.81486,0,0,1774797738006,False,True
0,38.88,0.2,0,0,1774797905035,False,True
0,38.8,0.23401,0,0,1774798269079,True,True
0,38.75,1.25051135,0,0,1774798334307,False,True
0,38.72,22.52632112,0,0,1774798338402,False,True
0,38.72,7.47367888,0,0,1774798338402,False,True
0,38.81,0.62999,0,0,1774798486504,True,True
0,38.78,13.4696017,0,0,1774798616208,False,True
0,38.77,11.036655,0,0,1774798621956,False,True
0,38.81,2.3353941,0,0,1774798786040,False,True
0,38.84,0.3129417,0,0,1774798802966,False,True
0,38.91,1.2873326,0,0,1774799069209,True,True
0,38.9,0.62988,0,0,1774799219039,True,True
0,38.88,25.7201646,0,0,1774799232052,False,True
0,38.86,13.5729297,0,0,1774799390725,False,True
0,38.85,1.28667,0,0,1774799426507,True,True
0,38.85,0.6118776,0,0,1774799465777,True,True
0,38.86,0.6751236,0,0,1774799465777,True,True
0,38.85,0.61187762,0,0,1774799470014,False,True
0,38.85,0.14016238,0,0,1774799470014,False,True
0,38.89,0.6118776,0,0,1774799617809,True,True
0,38.99,0.61187762,0,0,1774799650611,False,True
0,39.0,135.0453477,0,0,1774799684724,True,True
0,39.0,60.0,0,0,1774799742815,True,True
0,39.0,4.95465,0,0,1774799742816,True,True
0,39.0,2.3e-06,0,0,1774799742914,True,True
0,39.04,0.6118776,0,0,1774799742970,True,True
0,39.05,37.8057524,0,0,1774799742970,True,True
0,39.06,15.48313,0,0,1774799743026,True,True
0,39.06,22.92281399,0,0,1774799743026,True,True
0,39.07,101.3941698,0,0,1774799743026,True,True
0,39.07,13.52022621,0,0,1774799743026,True,True
0,39.0,0.5,0,0,1774799928038,True,True
0,38.98,0.12689,0,0,1774800034035,True,True
0,38.94,0.61187762,0,0,1774800122013,False,True
0,38.93,38.52460177,0,0,1774800122013,False,True
0,38.93,102.5083846,0,0,1774800122013,False,True
0,38.93,101.3941698,0,0,1774800122013,False,True
0,38.92,230.0439429,0,0,1774800122013,False,True
0,38.95,2.59723146,0,0,1774800143443,True,True
0,38.97,0.10063,0,0,1774800203033,True,True
0,38.97,79.89937,0,0,1774800209731,True,True
0,38.98,80.0,0,0,1774800209731,True,True
0,38.97,0.86797,0,0,1774800460220,True,True
0,38.94,2.25,0,0,1774800495405,False,True
0,39.01,0.25124,0,0,1774801011041,True,True
0,39.02,20.0,0,0,1774801024903,True,True
0,39.03,2.0,0,0,1774801024904,True,True
0,39.05,0.04513,0,0,1774801030035,True,True
0,39.1,0.02531,0,0,1774801039035,True,True
0,39.11,153.41344925,0,0,1774801200836,True,True
0,39.13,0.6118776,0,0,1774801223446,True,True
0,39.13,152.72315947,0,0,1774801223446,True,True
0,39.1,0.25179,0,0,1774801371035,True,True
0,39.1,6.39386189,0,0,1774801627782,False,True
0,39.09,2.0,0,0,1774801673097,True,True
0,39.05,0.17743,0,0,1774801879035,True,True
0,39.05,5.12163892,0,0,1774802029045,True,True
0,39.03,0.61187762,0,0,1774802047350,False,True
0,39.02,4.38812238,0,0,1774802047350,False,True
0,38.98,0.381,0,0,1774802353037,True,True
0,38.98,1.0,0,0,1774802389396,True,True
0,38.98,0.486788,0,0,1774802403219,False,True
0,38.97,0.41569836,0,0,1774802409128,False,True
0,38.97,0.2,0,0,1774802451302,False,True
0,38.92,1.12738,0,0,1774802648023,False,True
0,38.93,1.4932,0,0,1774802685686,True,True
0,38.9,2.07219938,0,0,1774802759071,True,True
0,38.87,2.0639107,0,0,1774802808035,False,True
0,38.87,22.82341534,0,0,1774803050186,False,True
0,38.87,15.58360122,0,0,1774803050186,False,True
0,38.87,84.05454344,0,0,1774803050186,False,True
0,38.88,102.74589446,0,0,1774803079442,True,True
0,38.88,0.13476397,0,0,1774803079442,True,True
0,38.9,1.19124,0,0,1774803264835,True,True
0,38.9,0.2,0,0,1774803577348,True,True
0,38.9,0.3,0,0,1774803617660,True,True
0,38.94,0.4771136,0,0,1774803617660,True,True
0,38.95,6.7745564,0,0,1774803617660,True,True
0,38.93,0.61187762,0,0,1774803669194,False,True
0,38.92,1.18812238,0,0,1774803669194,False,True
0,38.9,0.04106,0,0,1774803758882,False,True
0,38.92,0.32107958,0,0,1774803783156,True,True
0,38.9,4.47368,0,0,1774803810411,False,True
0,38.93,0.6118776,0,0,1774803821059,True,True
0,38.93,0.3881224,0,0,1774803821059,True,True
0,38.93,0.2048366,0,0,1774803847529,True,True
0,38.94,0.37703,0,0,1774803901986,True,True
0,38.95,4.47368,0,0,1774803929342,False,True
0,39.0,61.6895421,0,0,1774804181063,True,True
0,39.01,23.08355927,0,0,1774804181063,True,True
0,39.01,13.14060551,0,0,1774804181063,True,True
0,39.01,48.54441045,0,0,1774804181063,True,True
0,39.01,202.79,0,0,1774804181063,True,True
0,39.02,23.08355927,0,0,1774804181063,True,True
0,39.02,175.66369452,0,0,1774804181063,True,True
0,38.98,0.2048366,0,0,1774804247050,False,True
0,38.99,1.0,0,0,1774804272297,True,True
0,39.01,0.25394,0,0,1774804506232,True,True
0,38.98,0.97435897,0,0,1774804728560,True,True
0,38.94,0.3812,0,0,1774804862845,True,True
0,38.94,0.29516,0,0,1774805166150,True,True
0,38.92,0.03468,0,0,1774805344376,False,True
0,38.96,0.54251763,0,0,1774805482566,False,True
0,38.95,0.35748237,0,0,1774805482566,False,True
0,38.93,0.26265,0,0,1774805559416,False,True
0,38.95,2.06084,0,0,1774805830846,False,True
0,38.92,0.5114102,0,0,1774806003174,False,True
0,38.89,13.04963,0,0,1774806061901,False,True
0,38.87,38.58766054,0,0,1774806127168,False,True
0,38.87,80.0,0,0,1774806127168,False,True
0,38.86,102.65392812,0,0,1774806127168,False,True
0,38.86,38.59766697,0,0,1774806127168,False,True
0,38.85,18.77758842,0,0,1774806127168,False,True
0,38.85,28.2822475,0,0,1774806127168,False,True
0,38.89,0.12856776,0,0,1774806301493,True,True
0,38.88,0.5771976,0,0,1774806354609,True,True
0,38.88,2.21922471,0,0,1774806354609,True,True
0,38.89,2.98277192,0,0,1774806463168,True,True
0,38.89,0.35747,0,0,1774806724145,True,True
0,38.87,0.61187762,0,0,1774806816331,False,True
0,38.87,12.82388238,0,0,1774806816331,False,True
0,38.81,0.98028169,0,0,1774806915523,False,True
0,38.81,1.82265898,0,0,1774806922341,False,True
0,38.8,0.5722956,0,0,1774806945993,False,True
0,38.8,1.7413572,0,0,1774806960162,False,True
0,38.78,61.6895421,0,0,1774807068382,True,True
0,38.78,80.0,0,0,1774807068382,True,True
0,38.77,38.68704283,0,0,1774807082090,False,True
0,38.77,70.0,0,0,1774807082090,False,True
0,38.77,10.0,0,0,1774807082090,False,True
0,38.77,23.44354487,0,0,1774807082090,False,True
0,38.76,38.69023079,0,0,1774807082090,False,True
0,38.76,159.3,0,0,1774807082090,False,True
0,38.76,206.26139851,0,0,1774807082090,False,True
0,38.78,0.40097989,0,0,1774807292464,True,True
0,38.78,0.31914,0,0,1774807349039,True,True
0,38.75,2.0,0,0,1774807436331,False,True
0,38.75,0.31919856,0,0,1774807436331,False,True
0,38.74,10.93958738,0,0,1774807436331,False,True
0,38.7,80.0,0,0,1774807492343,True,True
0,38.7,49.52899756,0,0,1774807492343,True,True
0,38.69,0.291213,0,0,1774807492343,False,True
0,38.72,0.399376,0,0,1774807507642,False,True
0,38.69,62.11963,0,0,1774807523861,False,True
0,38.69,66.82151678,0,0,1774807529378,False,True
0,38.69,0.55829879,0,0,1774807529378,False,True
0,38.69,38.20337058,0,0,1774807529386,False,True
0,38.68,0.6119362,0,0,1774807537747,True,True
0,38.71,0.61187762,0,0,1774807575539,False,True
0,38.71,0.50886238,0,0,1774807575539,False,True
0,38.66,1.09932748,0,0,1774807731126,False,True
0,38.66,0.14726949,0,0,1774807731126,False,True
0,38.72,0.51666236,0,0,1774808209086,True,True
0,38.73,0.25556,0,0,1774808259037,True,True
0,38.67,0.1007576,0,0,1774808574265,True,True
0,38.68,0.0631124,0,0,1774808574265,True,True
0,38.63,0.25466799,0,0,1774808843619,False,True
0,38.62,0.2,0,0,1774808843619,False,True
0,38.62,0.35636873,0,0,1774808843619,False,True
0,38.61,25.34298786,0,0,1774808843619,False,True
0,38.63,0.35987,0,0,1774808876484,True,True
0,38.67,2.58598397,0,0,1774809012920,True,True
0,38.67,0.50620159,0,0,1774809014797,True,True
0,38.68,1.28656,0,0,1774809033537,True,True
0,38.67,3.32273,0,0,1774809087013,True,True
0,38.62,24.12551884,0,0,1774809115902,False,True
0,38.62,21.36159571,0,0,1774809115902,False,True
0,38.62,4.63527425,0,0,1774809115902,False,True
0,38.62,0.2,0,0,1774809303380,False,True
0,38.71,61.75936541,0,0,1774809557900,True,True
0,38.71,1.29,0,0,1774809558000,True,True
0,38.71,4.67,0,0,1774809558022,True,True
0,38.71,2.4,0,0,1774809558023,True,True
0,38.71,4.0,0,0,1774809558041,True,True
0,38.71,32.48323268,0,0,1774809558117,True,True
0,38.74,0.6119287,0,0,1774809558304,True,True
0,38.74,1.5880713,0,0,1774809558304,True,True
0,38.74,0.77,0,0,1774809558318,True,True
0,38.74,1.19,0,0,1774809558358,True,True
0,38.74,0.79,0,0,1774809558379,True,True
0,38.74,0.61187762,0,0,1774809566039,False,True
0,38.77,2.7157628,0,0,1774809603448,False,True
0,38.78,103.33262742,0,0,1774809608270,True,True
0,38.78,29.51491505,0,0,1774809608270,True,True
0,38.79,2.09164875,0,0,1774809638517,True,True
0,38.78,0.6118776,0,0,1774809678055,True,True
0,38.78,0.3882924,0,0,1774809678055,True,True
0,38.67,0.2,0,0,1774810064954,True,True
0,38.67,0.26420957,0,0,1774810092545,False,True
0,38.66,0.34772086,0,0,1774810388120,False,True
0,38.65,3.54271914,0,0,1774810388120,False,True
0,38.68,0.96,0,0,1774810664533,False,True
0,38.67,0.43023,0,0,1774810681493,False,True
0,38.69,0.02559,0,0,1774810749037,True,True
0,38.7,1.19953,0,0,1774810800121,True,True
0,38.68,54.00543,0,0,1774810945692,False,True
0,38.69,0.25591,0,0,1774811002034,True,True
0,38.69,0.3560205,0,0,1774811011880,True,True
0,38.69,0.6439795,0,0,1774811011880,True,True
0,38.7,0.45812,0,0,1774811044628,True,True
0,38.7,0.25584,0,0,1774811114035,True,True
0,38.77,1.0,0,0,1774811317873,True,True
0,38.76,0.7525,0,0,1774811568021,True,True
0,38.76,0.31419,0,0,1774811596625,True,True
0,38.74,4.0,0,0,1774811883250,True,True
0,38.74,1.29,0,0,1774811883272,True,True
0,38.74,3.52,0,0,1774811883327,True,True
0,38.74,11.0,0,0,1774811883450,True,True
0,38.74,0.81,0,0,1774811883508,True,True
0,38.74,0.65,0,0,1774811883524,True,True
0,38.74,0.65,0,0,1774811883720,True,True
0,38.74,0.84,0,0,1774811883783,True,True
0,38.74,6.0,0,0,1774811883837,True,True
0,38.74,0.84,0,0,1774811883977,True,True
0,38.74,3.1,0,0,1774811884158,True,True
0,38.74,1.1,0,0,1774811884287,True,True
0,38.74,1.1,0,0,1774811884310,True,True
0,38.74,4.0,0,0,1774811884501,True,True
0,38.74,2.17,0,0,1774811884509,True,True
0,38.74,3.5,0,0,1774811884668,True,True
0,38.74,0.7,0,0,1774811884797,True,True
0,38.74,1.4,0,0,1774811884870,True,True
0,38.78,0.2051018,0,0,1774811984494,True,True
0,38.75,20.0516129,0,0,1774812072932,True,True
0,38.77,0.61187762,0,0,1774812249740,False,True
0,38.77,38.68970238,0,0,1774812249740,False,True
0,38.73,0.2051018,0,0,1774812377314,False,True
0,38.73,61.6895421,0,0,1774812482114,True,True
0,38.74,24.19973166,0,0,1774812482114,True,True
0,38.74,0.6118776,0,0,1774812482114,True,True
0,38.74,103.13765582,0,0,1774812482114,True,True
0,38.74,38.72227086,0,0,1774812482114,True,True
0,38.74,26.81739877,0,0,1774812482114,True,True
0,38.74,20.8140181,0,0,1774812482114,True,True
0,38.74,174.82,0,0,1774812482114,True,True
0,38.75,49.18750509,0,0,1774812482114,True,True
0,38.74,0.2049863,0,0,1774812492076,True,True
0,38.71,0.38,0,0,1774812872932,True,True
0,38.7,0.2049863,0,0,1774812891646,False,True
0,38.7,0.05254,0,0,1774812993497,True,True
0,38.68,0.25597,0,0,1774813282038,True,True
0,38.67,0.76805,0,0,1774813692035,True,True
0,38.67,0.50662,0,0,1774813724646,True,True
0,38.67,0.06591,0,0,1774813729845,True,True
0,38.65,17.22041013,0,0,1774813862952,False,True
0,38.65,33.41516863,0,0,1774813862952,False,True
0,38.65,13.43686208,0,0,1774813862952,False,True
0,38.65,10.28484002,0,0,1774813862952,False,True
0,38.62,2.53856,0,0,1774814054144,True,True
0,38.61,0.2,0,0,1774814090086,False,True
0,38.62,2.58665287,0,0,1774814313406,True,True
0,38.61,1.04599195,0,0,1774814336381,False,True
0,38.61,1.29500129,0,0,1774814336381,False,True
0,38.61,5.18000518,0,0,1774814336381,False,True
0,38.58,0.2492355,0,0,1774814347970,False,True
0,38.57,0.61187762,0,0,1774814347970,False,True
0,38.56,10.03657688,0,0,1774814347970,False,True
0,38.6,0.6118776,0,0,1774814452033,True,True
0,38.6,1.3118924,0,0,1774814452033,True,True
0,38.6,2.5,0,0,1774814497439,True,True
0,38.59,1.20081,0,0,1774814567696,True,True
0,38.61,1.00339,0,0,1774814649791,True,True
0,38.59,38.86853455,0,0,1774814778704,False,True
0,38.59,0.61187762,0,0,1774814778704,False,True
0,38.58,160.51868783,0,0,1774814778704,False,True
0,38.6,0.6118776,0,0,1774814840351,True,True
0,38.62,5.22201245,0,0,1774814841356,True,True
0,38.66,0.25879375,0,0,1774814933580,True,True
0,38.66,0.74120625,0,0,1774814933580,True,True
0,38.57,0.61187762,0,0,1774815151889,False,True
0,38.57,38.88945093,0,0,1774815151889,False,True
0,38.63,1.24659697,0,0,1774815209096,True,True
0,38.63,0.2053561,0,0,1774815255978,True,True
0,38.65,61.6895421,0,0,1774815403997,True,True
0,38.65,17.63627296,0,0,1774815403997,True,True
0,38.65,38.81057404,0,0,1774815403997,True,True
0,38.65,7.09256134,0,0,1774815403997,True,True
0,38.66,0.6118776,0,0,1774815403997,True,True
0,38.66,38.80346427,0,0,1774815403997,True,True
0,38.66,206.9,0,0,1774815403997,True,True
0,38.66,58.424791,0,0,1774815403997,True,True
0,38.67,70.03091669,0,0,1774815403997,True,True
0,38.71,0.4831786,0,0,1774815496263,True,True
0,38.73,41.8403446,0,0,1774815496263,True,True
0,38.76,0.2053561,0,0,1774815522795,False,True
0,38.78,0.257959,0,0,1774815530248,True,True
0,38.79,3.086091,0,0,1774815530248,True,True
0,38.81,1.2292207,0,0,1774815650000,True,True
0,38.82,0.40656259,0,0,1774815659051,False,True
0,38.78,180.1919352,0,0,1774815694107,False,True
0,38.78,0.6119187,0,0,1774815792711,True,True
0,38.88,0.61187762,0,0,1774815832616,False,True
0,38.88,0.6118776,0,0,1774815853920,True,True
0,38.88,38.5835639,0,0,1774815853920,True,True
0,38.89,0.2492355,0,0,1774815853920,True,True
0,38.89,257.26,0,0,1774815853920,True,True
0,38.89,38.5708141,0,0,1774815853920,True,True
0,38.89,102.75462473,0,0,1774815853920,True,True
0,38.87,5.1453563,0,0,1774815897663,True,True
0,38.87,0.61187762,0,0,1774816063766,False,True
0,38.86,0.59740238,0,0,1774816063766,False,True
0,38.85,0.04231,0,0,1774816131034,True,True
0,38.86,0.5272576,0,0,1774816200544,True,True
0,38.87,0.7309124,0,0,1774816200544,True,True
0,38.87,0.2492,0,0,1774816202048,True,True
0,38.86,1.0,0,0,1774816259127,True,True
0,38.84,0.02494,0,0,1774816318110,True,True
0,38.79,0.56957608,0,0,1774816541767,False,True
0,38.78,3.15458392,0,0,1774816541767,False,True
0,38.77,24.5704772,0,0,1774816626365,False,True
0,38.77,38.68453989,0,0,1774816626365,False,True
0,38.77,32.39226533,0,0,1774816626365,False,True
0,38.77,4.35271758,0,0,1774816626365,False,True
0,38.8,0.6118861,0,0,1774816634407,True,True
0,38.81,0.6362139,0,0,1774816634407,True,True
0,38.77,0.2,0,0,1774816715425,True,True
0,38.74,0.61187762,0,0,1774816758951,False,True
0,38.74,14.63855238,0,0,1774816758951,False,True
0,38.72,0.2269841,0,0,1774816802487,False,True
0,38.74,0.33481,0,0,1774816812275,True,True
0,38.75,7.49599,0,0,1774816967813,True,True
0,38.76,0.77379418,0,0,1774817236634,True,True
0,38.76,0.63844,0,0,1774817275644,True,True
0,38.69,0.33486543,0,0,1774817633548,False,True
0,38.69,0.02513457,0,0,1774817633548,False,True
0,38.73,0.2019635,0,0,1774817795282,False,True
0,38.72,11.6189,0,0,1774817836698,False,True
0,38.73,0.25564,0,0,1774817870684,True,True
0,38.72,0.5,0,0,1774817942262,True,True
0,38.72,0.49996702,0,0,1774818046640,False,True
0,38.72,0.25453298,0,0,1774818046640,False,True
0,38.73,1.0,0,0,1774818360887,True,True
0,38.64,0.05013,0,0,1774819241447,True,True
0,38.65,0.29151449,0,0,1774819325456,True,True
0,38.62,0.50229,0,0,1774819348000,False,True
0,38.64,1.52691512,0,0,1774819436338,True,True
0,38.63,38.82992492,0,0,1774819578637,True,True
0,38.63,0.6119,0,0,1774819578637,True,True
0,38.63,101.3941698,0,0,1774819578637,True,True
0,38.65,1.9918,0,0,1774819636174,True,True
0,38.65,132.23853921,0,0,1774819853278,True,True
0,38.65,129.59789266,0,0,1774819854230,True,True
0,38.65,131.78141034,0,0,1774819854802,True,True
0,38.65,129.86310316,0,0,1774819856194,True,True
0,38.65,130.66094374,0,0,1774819857195,True,True
0,38.65,129.5922547,0,0,1774819859320,True,True
0,38.64,0.61187762,0,0,1774819890313,False,True
0,38.63,0.64059,0,0,1774819922533,True,True
0,38.62,0.7269307,0,0,1774819950333,False,True
0,38.61,1.2885262,0,0,1774819954469,True,True
0,38.61,101.3941698,0,0,1774820125497,False,True
0,38.6,25.27629575,0,0,1774820125497,False,True
0,38.6,13.35981155,0,0,1774820125497,False,True
0,38.6,38.85942544,0,0,1774820125497,False,True
0,38.6,17.33652486,0,0,1774820125497,False,True
0,38.6,183.26,0,0,1774820125497,False,True
0,38.6,103.50546669,0,0,1774820125497,False,True
0,38.6,135.15333659,0,0,1774820126069,True,True
0,38.6,138.21246778,0,0,1774820127041,True,True
0,38.6,136.71829335,0,0,1774820127556,True,True
0,38.6,148.93374703,0,0,1774820128063,True,True
0,38.6,151.89507032,0,0,1774820128671,True,True
0,38.6,56.09539084,0,0,1774820140859,True,True
0,38.6,0.22091,0,0,1774820283466,True,True
0,38.59,0.20068295,0,0,1774820324759,False,True
0,38.58,0.2492355,0,0,1774820324759,False,True
0,38.58,0.8282995,0,0,1774820324759,False,True
0,38.59,61.6895421,0,0,1774820371261,False,True
0,38.59,38.86868083,0,0,1774820371261,False,True
0,38.58,0.7962331,0,0,1774820402426,False,True
0,38.59,1.27027,0,0,1774820407390,True,True
0,38.59,131.46281187,0,0,1774820444242,True,True
0,38.59,137.64033799,0,0,1774820446837,True,True
0,38.59,133.99824289,0,0,1774820447363,True,True
0,38.56,25.46792914,0,0,1774820587629,False,True
0,38.56,132.93142969,0,0,1774820633836,True,True
0,38.56,135.4493741,0,0,1774820641099,True,True
0,38.56,130.82893111,0,0,1774820647414,True,True
0,38.56,135.35542876,0,0,1774820647853,True,True
0,38.56,140.52772214,0,0,1774820648392,True,True
0,38.56,133.86730588,0,0,1774820648914,True,True
0,38.56,133.00098786,0,0,1774820649512,True,True
0,38.53,25.46792914,0,0,1774820887209,False,True
0,38.53,177.22803963,0,0,1774820887209,False,True
0,38.53,0.20763041,0,0,1774820887209,False,True
0,38.53,363.22,0,0,1774820887209,False,True
0,38.52,25.46792914,0,0,1774820887209,False,True
0,38.52,9.50941958,0,0,1774820887209,False,True
0,38.55,0.27201731,0,0,1774820887686,True,True
0,38.55,4.07880446,0,0,1774820887689,True,True
0,38.51,6.91562355,0,0,1774821001759,False,True
0,38.56,0.02568,0,0,1774821190039,True,True
0,38.56,0.40565555,0,0,1774821550498,True,True
0,38.56,6.09649,0,0,1774821570559,True,True
0,38.56,66.83033727,0,0,1774821593815,True,True
0,38.55,0.2,0,0,1774821637887,False,True
0,38.52,50.34595708,0,0,1774821637887,False,True
0,38.52,50.54595708,0,0,1774821637888,False,True
0,38.52,28.91078573,0,0,1774821661120,False,True
0,38.53,1.0018,0,0,1774821678164,True,True
0,38.5,2.0,0,0,1774821714544,False,True
0,38.5,2.59740259,0,0,1774821714544,False,True
0,38.44,26.01456816,0,0,1774821747013,False,True
0,38.44,144.80146742,0,0,1774821766775,True,True
0,38.44,4.6826221,0,0,1774821769007,True,True
0,38.43,6.65199005,0,0,1774821791669,False,True
0,38.43,1.3290704,0,0,1774821791669,False,True
0,38.41,0.307217,0,0,1774821791727,False,True
0,38.41,0.04132365,0,0,1774821828714,False,True
0,38.37,10.0,0,0,1774821828872,True,True
0,38.36,19.87321208,0,0,1774821868124,False,True
0,38.36,8.84029152,0,0,1774821868150,False,True
0,38.36,2.60688216,0,0,1774821868150,False,True
0,38.36,2.61712012,0,0,1774821868150,False,True
0,38.34,0.67100965,0,0,1774821869536,False,True
0,38.33,0.51101652,0,0,1774821869596,False,True
0,38.34,0.2,0,0,1774821907159,True,True
0,38.33,0.92389086,0,0,1774821909034,False,True
0,38.32,104.16935308,0,0,1774821909034,False,True
0,38.32,39.14312553,0,0,1774821909034,False,True
0,38.31,61.6895421,0,0,1774821909034,False,True
0,38.31,39.15348661,0,0,1774821909034,False,True
0,38.3,260.74,0,0,1774821909034,False,True
0,38.3,9.99147307,0,0,1774821909034,False,True
0,38.3,130.54507352,0,0,1774821909034,False,True
0,38.3,335.99963492,0,0,1774821909037,True,True
0,38.3,1.89775,0,0,1774821909175,True,True
0,38.3,33.41516863,0,0,1774821909298,True,True
0,38.3,138.37849315,0,0,1774821910857,True,True
0,38.3,133.39323456,0,0,1774821911436,True,True
0,38.3,131.89209113,0,0,1774821911836,True,True
0,38.3,133.03356043,0,0,1774821912347,True,True
0,38.3,144.69843536,0,0,1774821913995,True,True
0,38.3,33.41516863,0,0,1774821913999,True,True
0,38.3,172.41737608,0,0,1774821914067,True,True
0,38.3,132.87812371,0,0,1774821914988,True,True
0,38.3,70.23928156,0,0,1774821915978,True,True
0,38.3,56.49608461,0,0,1774821915978,True,True
0,38.3,57.48965246,0,0,1774821915978,True,True
0,38.3,61.6895421,0,0,1774821948931,False,True
0,38.29,260.74,0,0,1774821948931,False,True
0,38.29,25.75451359,0,0,1774821948931,False,True
0,38.29,39.36855277,0,0,1774821948931,False,True
0,38.29,39.17281954,0,0,1774821948931,False,True
0,38.29,133.0685832,0,0,1774821950654,True,True
0,38.29,133.73126305,0,0,1774821951017,True,True
0,38.29,138.72657357,0,0,1774821951435,True,True
0,38.29,131.71030115,0,0,1774821952179,True,True
0,38.29,132.5358334,0,0,1774821952624,True,True
0,38.29,140.18368272,0,0,1774821953082,True,True
0,38.29,133.16120537,0,0,1774821953573,True,True
0,38.29,137.72810688,0,0,1774821954264,True,True
0,38.28,0.2492355,0,0,1774822013671,False,True
0,38.28,0.25516038,0,0,1774822013671,False,True
0,38.28,0.29528158,0,0,1774822013708,False,True
0,38.28,0.2091143,0,0,1774822013708,False,True
0,38.29,132.44131647,0,0,1774822014411,True,True
0,38.29,133.48403917,0,0,1774822015223,True,True
0,38.29,133.92693759,0,0,1774822059143,True,True
0,38.29,135.39974336,0,0,1774822059525,True,True
0,38.29,134.75250343,0,0,1774822059948,True,True
0,38.29,33.41516863,0,0,1774822060108,True,True
0,38.29,147.50312773,0,0,1774822060110,True,True
0,38.29,141.50618628,0,0,1774822060113,True,True
0,38.33,0.6118776,0,0,1774822060249,True,True
0,38.34,0.61212239,0,0,1774822060461,True,True
0,38.39,0.61187762,0,0,1774822104458,False,True
0,38.39,61.6895421,0,0,1774822104458,False,True
0,38.39,39.07221058,0,0,1774822104458,False,True
0,38.39,145.99417119,0,0,1774822104475,True,True
0,38.39,137.51229577,0,0,1774822104921,True,True
0,38.39,142.12238891,0,0,1774822105989,True,True
0,38.39,136.17711129,0,0,1774822106476,True,True
0,38.39,137.27814022,0,0,1774822121700,True,True
0,38.39,134.03474396,0,0,1774822122177,True,True
0,38.39,0.88626,0,0,1774822123322,True,True
0,38.38,61.6895421,0,0,1774822133027,False,True
0,38.38,39.08285565,0,0,1774822133027,False,True
0,38.37,17.804886,0,0,1774822133027,False,True
0,38.39,133.93775053,0,0,1774822133094,True,True
0,38.39,130.89997046,0,0,1774822133895,True,True
0,38.39,33.41516863,0,0,1774822148822,True,True
0,38.39,130.60132654,0,0,1774822149617,True,True
0,38.39,134.23784568,0,0,1774822149909,True,True
0,38.39,134.1802605,0,0,1774822150528,True,True
0,38.39,134.26505922,0,0,1774822150908,True,True
0,38.39,147.35550194,0,0,1774822151470,True,True
0,38.39,141.88717491,0,0,1774822151999,True,True
0,38.39,8.0,0,0,1774822152196,True,True
0,38.39,8.0,0,0,1774822152208,True,True
0,38.39,0.85,0,0,1774822152217,True,True
0,38.39,23.0,0,0,1774822152281,True,True
0,38.39,23.0,0,0,1774822152307,True,True
0,38.39,133.6475061,0,0,1774822152456,True,True
0,38.39,0.65,0,0,1774822152458,True,True
0,38.39,0.46,0,0,1774822152569,True,True
0,38.39,2.79,0,0,1774822152629,True,True
0,38.39,0.76,0,0,1774822152736,True,True
0,38.39,7.0,0,0,1774822152773,True,True
0,38.39,1.1,0,0,1774822152826,True,True
0,38.39,0.83,0,0,1774822153027,True,True
0,38.39,142.1500485,0,0,1774822153081,True,True
0,38.39,3.5,0,0,1774822153136,True,True
0,38.39,3.56,0,0,1774822153196,True,True
0,38.39,84.54364535,0,0,1774822153340,True,True
0,38.41,61.6895421,0,0,1774822178979,False,True
0,38.41,33.41516863,0,0,1774822180478,True,True
0,38.41,33.41516863,0,0,1774822207565,True,True
0,38.41,33.41516863,0,0,1774822214659,True,True
0,38.41,130.58153081,0,0,1774822214660,True,True
0,38.41,1.44032237,0,0,1774822214769,True,True
0,38.41,1.44032237,0,0,1774822214771,True,True
0,38.41,141.09097317,0,0,1774822214817,True,True
0,38.41,144.38722478,0,0,1774822214841,True,True
0,38.41,184.01696831,0,0,1774822215028,True,True
0,38.41,215.4770999,0,0,1774822215615,True,True
0,38.41,33.41516863,0,0,1774822216992,True,True
0,38.41,179.52618848,0,0,1774822217001,True,True
0,38.41,139.47613752,0,0,1774822217890,True,True
0,38.41,146.70668496,0,0,1774822218407,True,True
0,38.41,134.18771704,0,0,1774822218777,True,True
0,38.41,164.80413293,0,0,1774822219284,True,True
0,38.41,33.41516863,0,0,1774822219904,True,True
0,38.41,141.59998604,0,0,1774822220500,True,True
0,38.41,140.78551689,0,0,1774822220967,True,True
0,38.41,147.39264559,0,0,1774822221521,True,True
0,38.41,133.86188562,0,0,1774822222107,True,True
0,38.41,143.01692916,0,0,1774822222562,True,True
0,38.41,132.21349275,0,0,1774822223258,True,True
0,38.41,135.96952597,0,0,1774822223723,True,True
0,38.41,142.1681178,0,0,1774822224283,True,True
0,38.41,130.89737106,0,0,1774822224797,True,True
0,38.41,131.41725082,0,0,1774822225279,True,True
0,38.41,132.28796485,0,0,1774822226031,True,True
0,38.41,33.41516863,0,0,1774822226208,True,True
0,38.41,33.41516863,0,0,1774822226213,True,True
0,38.41,109.6582883,0,0,1774822226297,True,True
0,38.43,61.6895421,0,0,1774822255219,False,True
0,38.37,61.6895421,0,0,1774822397785,False,True
0,38.37,39.08845829,0,0,1774822397785,False,True
0,38.36,313.58,0,0,1774822397785,False,True
0,38.36,39.0966068,0,0,1774822397785,False,True
0,38.35,31.26148929,0,0,1774822397785,False,True
0,38.35,130.36216444,0,0,1774822397785,False,True
0,38.35,637.23619934,0,0,1774822397788,True,True
0,38.35,153.59961268,0,0,1774822399466,True,True
0,38.35,139.55022926,0,0,1774822400034,True,True
0,38.35,146.22327455,0,0,1774822400139,True,True
0,38.35,33.41516863,0,0,1774822400141,True,True
0,38.35,148.16785128,0,0,1774822400153,True,True
0,38.35,169.02035934,0,0,1774822400949,True,True
0,38.35,224.86432768,0,0,1774822400978,True,True
0,38.35,138.45697774,0,0,1774822401114,True,True
0,38.35,140.75623041,0,0,1774822401212,True,True
0,38.35,33.41516863,0,0,1774822401783,True,True
0,38.35,234.28599478,0,0,1774822401857,True,True
0,38.35,130.58947623,0,0,1774822401872,True,True
0,38.35,147.00996519,0,0,1774822402374,True,True
0,38.35,138.61849715,0,0,1774822404181,True,True
0,38.35,139.51968986,0,0,1774822404554,True,True
0,38.35,136.91154978,0,0,1774822404757,True,True
0,38.35,61.49691297,0,0,1774822405758,True,True
0,38.35,372.63415163,0,0,1774822405758,True,True
0,38.35,59.15010195,0,0,1774822405758,True,True
0,38.37,61.6895421,0,0,1774822443364,False,True
0,38.37,150.2822818,0,0,1774822457104,True,True
0,38.37,33.41516863,0,0,1774822457106,True,True
0,38.37,137.17017743,0,0,1774822457419,True,True
0,38.37,135.89734328,0,0,1774822458121,True,True
0,38.37,33.41516863,0,0,1774822458910,True,True
0,38.37,132.39858844,0,0,1774822458910,True,True
0,38.37,142.55489299,0,0,1774822459328,True,True
0,38.37,130.61037211,0,0,1774822459927,True,True
0,38.37,131.15139759,0,0,1774822460453,True,True
0,38.37,142.58254365,0,0,1774822460961,True,True
0,38.37,133.95793474,0,0,1774822461509,True,True
0,38.37,137.56166003,0,0,1774822467547,True,True
0,38.37,133.70121254,0,0,1774822469001,True,True
0,38.37,33.41516863,0,0,1774822469009,True,True
0,38.37,134.13534565,0,0,1774822469108,True,True
0,38.37,149.19076153,0,0,1774822469523,True,True
0,38.37,135.06317536,0,0,1774822469572,True,True
0,38.37,3.4,0,0,1774822469606,True,True
0,38.37,1.3,0,0,1774822469632,True,True
0,38.37,2.9,0,0,1774822469654,True,True
0,38.37,1.9,0,0,1774822469666,True,True
0,38.37,2.91,0,0,1774822469676,True,True
0,38.37,2.19,0,0,1774822469680,True,True
0,38.37,1.92,0,0,1774822469696,True,True
0,38.37,0.39,0,0,1774822469860,True,True
0,38.37,0.39,0,0,1774822469887,True,True
0,38.37,64.0,0,0,1774822469967,True,True
0,38.37,51.0,0,0,1774822470005,True,True
0,38.37,59.0,0,0,1774822470049,True,True
0,38.37,12.0,0,0,1774822470069,True,True
0,38.37,51.0,0,0,1774822470076,True,True
0,38.37,55.0,0,0,1774822470119,True,True
0,38.37,3.3,0,0,1774822470121,True,True
0,38.37,7.0,0,0,1774822470137,True,True
0,38.37,51.0,0,0,1774822470147,True,True
0,38.37,11.0,0,0,1774822470176,True,True
0,38.37,362.97330193,0,0,1774822470199,True,True
0,38.37,195.48705506,0,0,1774822470200,True,True
0,38.37,160.58676737,0,0,1774822470210,True,True
0,38.37,0.62,0,0,1774822470260,True,True
0,38.37,1.2,0,0,1774822470387,True,True
0,38.37,0.99,0,0,1774822470466,True,True
0,38.37,19.0,0,0,1774822470508,True,True
0,38.37,133.94628611,0,0,1774822470709,True,True
0,38.37,0.67,0,0,1774822470726,True,True
0,38.37,0.67,0,0,1774822470755,True,True
0,38.37,132.30545418,0,0,1774822470902,True,True
0,38.37,1.6,0,0,1774822470916,True,True
0,38.37,1.61,0,0,1774822470938,True,True
0,38.37,1.3,0,0,1774822470985,True,True
0,38.37,1.0,0,0,1774822471012,True,True
0,38.37,1.31,0,0,1774822471016,True,True
0,38.37,1.01,0,0,1774822471046,True,True
0,38.37,6.0,0,0,1774822471241,True,True
0,38.37,5.58,0,0,1774822471256,True,True
0,38.37,0.84,0,0,1774822471547,True,True
0,38.37,1.50840022,0,0,1774822471676,True,True
0,38.37,1.64159978,0,0,1774822471676,True,True
0,38.37,3.6,0,0,1774822471768,True,True
0,38.37,1.29892668,0,0,1774822471836,True,True
0,38.41,2.32107332,0,0,1774822471836,True,True
0,38.41,0.61,0,0,1774822471897,True,True
0,38.41,2.2,0,0,1774822471971,True,True
0,38.42,0.58,0,0,1774822472063,True,True
0,38.48,7.57038578,0,0,1774822635216,True,True
0,38.48,10.80279509,0,0,1774822635216,True,True
0,38.42,39.04216553,0,0,1774822707469,False,True
0,38.42,136.46794815,0,0,1774822710061,True,True
0,38.42,130.44020809,0,0,1774822710560,True,True
0,38.42,0.05039,0,0,1774822710896,True,True
0,38.42,130.6261042,0,0,1774822711277,True,True
0,38.42,134.23537429,0,0,1774822712309,True,True
0,38.42,131.13310878,0,0,1774822713067,True,True
0,38.42,33.41516863,0,0,1774822716392,True,True
0,38.42,33.41516863,0,0,1774822716392,True,True
0,38.42,140.87306589,0,0,1774822716428,True,True
0,38.42,162.72696204,0,0,1774822716483,True,True
0,38.42,403.01451696,0,0,1774822716484,True,True
0,38.42,160.38450486,0,0,1774822716531,True,True
0,38.42,154.29288735,0,0,1774822716548,True,True
0,38.42,3.4,0,0,1774822716617,True,True
0,38.42,3.4,0,0,1774822716625,True,True
0,38.42,4.03,0,0,1774822716678,True,True
0,38.42,4.0,0,0,1774822716683,True,True
0,38.42,2.5,0,0,1774822716870,True,True
0,38.42,0.97,0,0,1774822716900,True,True
0,38.42,65.0,0,0,1774822716900,True,True
0,38.42,9.0,0,0,1774822716900,True,True
0,38.42,2.5,0,0,1774822716906,True,True
0,38.42,51.0,0,0,1774822716927,True,True
0,38.42,3.14,0,0,1774822716946,True,True
0,38.42,13.0,0,0,1774822716972,True,True
0,38.42,20.0,0,0,1774822717151,True,True
0,38.42,18.0,0,0,1774822717346,True,True
0,38.42,8.0,0,0,1774822717402,True,True
0,38.42,140.78412929,0,0,1774822717480,True,True
0,38.42,1.05,0,0,1774822717635,True,True
0,38.42,163.83050357,0,0,1774822718495,True,True
0,38.42,139.70773964,0,0,1774822719295,True,True
0,38.42,137.60629514,0,0,1774822719915,True,True
0,38.42,7.37892,0,0,1774822720389,True,True
0,38.42,7.59e-06,0,0,1774822720390,True,True
0,38.41,39.04664074,0,0,1774822836103,False,True
0,38.41,61.6895421,0,0,1774822836103,False,True
0,38.4,130.18471359,0,0,1774822836103,False,True
0,38.4,19.51465701,0,0,1774822836103,False,True
0,38.46,61.6895421,0,0,1774822849939,False,True
0,38.46,192.29005385,0,0,1774822849939,False,True
0,38.47,61.6895421,0,0,1774822861386,False,True
0,38.46,38.99944194,0,0,1774822861386,False,True
0,38.45,152.78265266,0,0,1774822861386,False,True
0,38.49,3.98259288,0,0,1774822887023,True,True
0,38.46,1.8887,0,0,1774822963478,True,True
0,38.47,8.18741876,0,0,1774823065367,True,True
0,38.44,1.2917,0,0,1774823094823,True,True
0,38.36,39.08844114,0,0,1774823203777,False,True
0,38.36,61.6895421,0,0,1774823203777,False,True
0,38.36,140.33442555,0,0,1774823204158,True,True
0,38.33,0.02582,0,0,1774823281439,True,True
0,38.33,0.5860576,0,0,1774823282032,True,True
0,38.34,3.2497424,0,0,1774823282032,True,True
0,38.36,130.41364652,0,0,1774823309698,True,True
0,38.36,134.91873333,0,0,1774823311521,True,True
0,38.36,143.2208169,0,0,1774823311653,True,True
0,38.36,162.20616055,0,0,1774823311698,True,True
0,38.36,134.0192746,0,0,1774823312887,True,True
0,38.36,133.08644511,0,0,1774823313602,True,True
0,38.36,136.55236301,0,0,1774823314087,True,True
0,38.36,135.12838854,0,0,1774823314613,True,True
0,38.36,130.47598711,0,0,1774823315115,True,True
0,38.36,131.01168565,0,0,1774823315633,True,True
0,38.36,132.83198573,0,0,1774823316224,True,True
0,38.35,1.0,0,0,1774823359033,False,True
0,38.34,0.0516,0,0,1774823447034,True,True
0,38.32,2.5,0,0,1774823721707,True,True
0,38.3,0.2,0,0,1774823747498,True,True
0,38.29,136.73313799,0,0,1774823794413,True,True
0,38.29,131.6613134,0,0,1774823794906,True,True
0,38.29,148.18531793,0,0,1774823795373,True,True
0,38.29,137.47984353,0,0,1774823795946,True,True
0,38.29,138.74186676,0,0,1774823796539,True,True
0,38.29,133.59689835,0,0,1774823797086,True,True
0,38.29,134.80479997,0,0,1774823797499,True,True
0,38.29,131.83590728,0,0,1774823798047,True,True
0,38.29,137.86109349,0,0,1774823798469,True,True
0,38.29,252.66719813,0,0,1774823798500,True,True
0,38.29,193.94006654,0,0,1774823798500,True,True
0,38.29,66.30679538,0,0,1774823798501,True,True
0,38.3,0.61187762,0,0,1774823810232,False,True
0,38.26,6.31960165,0,0,1774823838062,False,True
0,38.25,237.40200043,0,0,1774823839622,False,True
0,38.25,134.84379385,0,0,1774823839623,False,True
0,38.25,220.46163,0,0,1774823839630,False,True
0,38.25,60.88734696,0,0,1774823839651,False,True
0,38.23,1.3290704,0,0,1774823841362,False,True
0,38.23,18.6709296,0,0,1774823841362,False,True
0,38.23,3.7425151,0,0,1774823841362,False,True
0,38.22,0.29528158,0,0,1774823841401,False,True
0,38.23,0.6118776,0,0,1774823844518,True,True
0,38.25,9.6630924,0,0,1774823844518,True,True
0,38.25,0.66942481,0,0,1774823855587,True,True
0,38.27,2.60854,0,0,1774823862652,True,True
0,38.27,8.14600654,0,0,1774823870789,True,True
0,38.26,0.61187762,0,0,1774823880788,False,True
0,38.26,7.93174828,0,0,1774823880788,False,True
0,38.26,0.54252,0,0,1774823903387,False,True
0,38.28,0.65,0,0,1774823944187,False,True
0,38.26,1.353799,0,0,1774824002686,False,True
0,38.24,6.23509,0,0,1774824059632,False,True
0,38.22,150.0,0,0,1774824082966,False,True
0,38.22,844.66145739,0,0,1774824083221,False,True
0,38.22,61.45123651,0,0,1774824083532,False,True
0,38.22,0.63083996,0,0,1774824083589,False,True
0,38.22,143.33031377,0,0,1774824084333,False,True
0,38.22,141.25431159,0,0,1774824084335,False,True
0,38.22,0.63083996,0,0,1774824084542,False,True
0,38.22,137.28962416,0,0,1774824084639,False,True
0,38.22,59.15010195,0,0,1774824085018,False,True
0,38.22,218.30599313,0,0,1774824085018,False,True
0,38.22,0.60177918,0,0,1774824085018,False,True
0,38.17,5.07745292,0,0,1774824086280,False,True
0,38.17,5.07745292,0,0,1774824086407,False,True
0,38.16,1.71966623,0,0,1774824086809,False,True
0,38.16,1.71966623,0,0,1774824086810,False,True
0,38.15,16.94945549,0,0,1774824167074,True,True
0,38.16,28.66709149,0,0,1774824183733,True,True
0,38.16,58.1709576,0,0,1774824183733,True,True
0,38.16,14.55612071,0,0,1774824183736,True,True
0,38.16,8.89144035,0,0,1774824183736,True,True
0,38.19,18.06797853,0,0,1774824200797,True,True
0,38.19,10.02004008,0,0,1774824200797,True,True
0,38.19,12.59980039,0,0,1774824200797,True,True
0,38.19,11.125,0,0,1774824200797,True,True
0,38.12,101.3941697,0,0,1774824242281,False,True
0,38.11,40.0,0,0,1774824242281,False,True
0,38.11,26.4382957,0,0,1774824242281,False,True
0,38.11,24.96812353,0,0,1774824242281,False,True
0,38.11,130.93417868,0,0,1774824242281,False,True
0,38.11,39.35673621,0,0,1774824242281,False,True
0,38.11,61.6895421,0,0,1774824242281,False,True
0,38.1,52.32499245,0,0,1774824242281,False,True
0,38.1,22.8939617,0,0,1774824242281,False,True
0,38.15,1.2828064,0,0,1774824252968,True,True
0,38.14,0.79285,0,0,1774824296009,True,True
0,38.11,48.84664924,0,0,1774824303657,False,True
0,38.11,26.4382957,0,0,1774824303657,False,True
0,38.11,16.942548,0,0,1774824303657,False,True
0,38.11,39.35328726,0,0,1774824303657,False,True
0,38.11,61.6895421,0,0,1774824303657,False,True
0,38.1,0.9176739,0,0,1774824303666,False,True
0,38.08,0.37299135,0,0,1774824303671,False,True
0,38.08,16.72605568,0,0,1774824303671,False,True
0,38.07,0.35165344,0,0,1774824303673,False,True
0,38.07,0.33908017,0,0,1774824303673,False,True
0,38.06,26.27430374,0,0,1774824303716,False,True
0,38.06,136.356746,0,0,1774824304191,True,True
0,38.07,131.9972325,0,0,1774824305564,True,True
0,38.05,28.43177643,0,0,1774824312625,False,True
0,38.05,43.07981417,0,0,1774824312893,False,True
0,38.05,59.89445407,0,0,1774824313826,False,True
0,38.05,2.80057712,0,0,1774824313826,False,True
0,38.04,26.58897981,0,0,1774824315585,False,True
0,38.04,0.51372622,0,0,1774824315585,False,True
0,38.04,1.3290704,0,0,1774824315585,False,True
0,38.0,6.65199005,0,0,1774824315585,False,True
0,38.0,2.7018421,0,0,1774824315585,False,True
0,38.0,61.83206676,0,0,1774824315585,False,True
0,38.0,2.15399071,0,0,1774824315738,False,True
0,38.05,3.82373,0,0,1774824316547,True,True
0,38.0,1.03288989,0,0,1774824320396,False,True
0,38.0,98.96711011,0,0,1774824320396,False,True
0,38.0,0.84288989,0,0,1774824321991,False,True
0,38.0,1.53242325,0,0,1774824321991,False,True
0,38.0,2.48336622,0,0,1774824323032,False,True
0,38.0,2.0,0,0,1774824323032,False,True
0,38.0,5.51663378,0,0,1774824323032,False,True
0,38.0,1.48336622,0,0,1774824323320,False,True
0,38.0,0.26315789,0,0,1774824323320,False,True
0,38.0,13.15789474,0,0,1774824323320,False,True
0,37.98,0.2492355,0,0,1774824323943,False,True
0,37.94,1.71798988,0,0,1774824324925,False,True
0,37.93,3.28201012,0,0,1774824324925,False,True
0,37.99,10.734931,0,0,1774824341392,False,True
0,38.03,1.31475151,0,0,1774824350633,True,True
0,38.11,39.35974809,0,0,1774824398354,False,True
0,38.1,61.6895421,0,0,1774824398354,False,True
0,38.1,39.36234593,0,0,1774824398354,False,True
0,38.09,55.22750158,0,0,1774824398354,False,True
0,38.16,6.84607293,0,0,1774824413762,True,True
0,38.03,39.42728105,0,0,1774824444767,False,True
0,38.03,8.1608246,0,0,1774824444767,False,True
0,38.03,30.0,0,0,1774824444767,False,True
0,38.03,15.40297039,0,0,1774824444767,False,True
0,38.0,61.6895421,0,0,1774824455425,False,True
0,38.0,30.0,0,0,1774824455425,False,True
0,38.0,39.46683787,0,0,1774824455425,False,True
0,38.0,40.0,0,0,1774824455425,False,True
0,37.99,39.46911623,0,0,1774824455425,False,True
0,37.99,12.85423706,0,0,1774824455425,False,True
0,37.99,26.4382957,0,0,1774824455425,False,True
0,37.98,131.63327557,0,0,1774824455425,False,True
0,37.97,0.2190438,0,0,1774824455425,False,True
0,37.95,7.90513834,0,0,1774824541906,False,True
0,37.91,1.5,0,0,1774824544945,False,True
0,37.91,1.16916744,0,0,1774824545347,False,True
0,37.91,2.59194,0,0,1774824545661,True,True
0,37.88,50.0,0,0,1774824546444,False,True
0,37.87,0.341967,0,0,1774824546444,False,True
0,37.87,2.6145113,0,0,1774824546444,False,True
0,37.87,47.3854887,0,0,1774824546450,False,True
0,37.88,0.6118776,0,0,1774824546749,True,True
0,37.88,0.26360732,0,0,1774824546749,True,True
0,37.89,0.12451508,0,0,1774824546749,True,True
0,37.89,26.0,0,0,1774824546776,True,True
0,37.86,0.61187762,0,0,1774824546943,False,True
0,37.85,1.3290704,0,0,1774824546943,False,True
0,37.85,36.30424048,0,0,1774824546943,False,True
0,37.82,10.24456175,0,0,1774824562058,False,True
0,37.81,2.45941958,0,0,1774824564445,False,True
0,37.79,6.91562355,0,0,1774824564445,False,True
0,37.79,39.67612575,0,0,1774824564445,False,True
0,37.78,3.9606048,0,0,1774824564445,False,True
0,37.75,2.64900662,0,0,1774824572563,False,True
0,37.75,39.72457627,0,0,1774824572563,False,True
0,37.74,25.44943711,0,0,1774824572563,False,True
0,37.74,39.73627919,0,0,1774824574447,False,True
0,37.73,0.35482233,0,0,1774824574447,False,True
0,37.73,21.53078658,0,0,1774824574447,False,True
0,37.73,10.0,0,0,1774824574447,False,True
0,37.75,0.6118776,0,0,1774824576618,True,True
0,37.77,1.30069,0,0,1774824577005,True,True
0,37.71,0.2691225,0,0,1774824577123,False,True
0,37.75,1.29070275,0,0,1774824578325,False,True
0,37.81,4.0,0,0,1774824581380,True,True
0,37.81,50.0,0,0,1774824598835,False,True
0,37.89,34.55734962,0,0,1774824662096,True,True
0,37.97,39.52060867,0,0,1774824683499,True,True
0,38.01,4.0,0,0,1774824683620,True,True
0,38.01,4.0,0,0,1774824683631,True,True
0,38.04,1.3290704,0,0,1774824693207,True,True
0,38.07,1.3290704,0,0,1774824693251,True,True
0,38.08,1.3290704,0,0,1774824693371,True,True
0,38.04,0.61187762,0,0,1774824699744,False,True
0,38.02,70.3312816,0,0,1774824705429,True,True
0,38.03,15.84353215,0,0,1774824705429,True,True
0,38.03,61.6895421,0,0,1774824705429,True,True
0,38.03,39.44274509,0,0,1774824705429,True,True
0,38.04,26.4382957,0,0,1774824705429,True,True
0,38.04,225.69410888,0,0,1774824705429,True,True
0,38.07,61.6895421,0,0,1774824741682,False,True
0,38.06,39.41145559,0,0,1774824741682,False,True
0,38.06,194.78,0,0,1774824741682,False,True
0,38.05,24.2478866,0,0,1774824741682,False,True
0,38.12,4.19807,0,0,1774824784233,True,True
0,38.12,0.89582801,0,0,1774824784234,True,True
0,38.1,0.34538,0,0,1774824796309,True,True
0,38.09,39.37387762,0,0,1774824804370,False,True
0,38.08,1.77840108,0,0,1774824804370,False,True
0,38.17,0.12687,0,0,1774824862070,True,True
0,38.11,2.8028517,0,0,1774824888923,False,True
0,38.15,0.2,0,0,1774824915408,True,True
0,38.18,0.20008238,0,0,1774824960244,False,True
0,38.18,28.3733098,0,0,1774824960244,False,True
0,38.23,0.20028133,0,0,1774824964489,True,True
0,38.23,0.20028133,0,0,1774824964494,True,True
0,38.23,0.20028133,0,0,1774824964498,True,True
0,38.23,0.20028133,0,0,1774824964503,True,True
0,38.23,0.20028133,0,0,1774824964507,True,True
0,38.23,0.20028133,0,0,1774824964511,True,True
0,38.23,0.12738242,0,0,1774824964514,True,True
0,38.28,0.2492355,0,0,1774824982627,True,True
0,38.23,2.6157467,0,0,1774825000703,False,True
0,38.26,110.11342,0,0,1774825030338,False,True
0,38.29,109.68921389,0,0,1774825050535,True,True
0,38.24,2.75627,0,0,1774825108238,False,True
0,38.24,6.15e-06,0,0,1774825109103,False,True
0,38.23,26.13695765,0,0,1774825161710,True,True
0,38.24,0.8992,0,0,1774825200936,True,True
0,38.22,130.69606584,0,0,1774825221833,False,True
0,38.21,61.6895421,0,0,1774825221833,False,True
0,38.21,149.41,0,0,1774825221833,False,True
0,38.2,22.06961332,0,0,1774825221833,False,True
0,38.2,261.44,0,0,1774825221833,False,True
0,38.2,39.263853,0,0,1774825221833,False,True
0,38.19,261.44,0,0,1774825221833,False,True
0,38.19,39.25680847,0,0,1774825221833,False,True
0,38.18,34.73411727,0,0,1774825221833,False,True
0,38.36,19.65887966,0,0,1774825261123,True,True
0,38.36,76.5486616,0,0,1774825261126,True,True
0,38.38,0.32124264,0,0,1774825269352,False,True
0,38.38,1.9746389,0,0,1774825269352,False,True
0,38.38,2.56410256,0,0,1774825269352,False,True
0,38.38,2.56410256,0,0,1774825269352,False,True
0,38.41,0.61196,0,0,1774825270333,True,True
0,38.41,0.25351676,0,0,1774825270826,True,True
0,38.41,0.25351676,0,0,1774825270832,True,True
0,38.41,0.25351676,0,0,1774825270834,True,True
0,38.41,0.15712352,0,0,1774825270837,True,True
0,38.41,0.24958303,0,0,1774825271830,True,True
0,38.41,0.24958303,0,0,1774825271834,True,True
0,38.41,0.16499104,0,0,1774825271837,True,True
0,38.34,50.0,0,0,1774825281764,False,True
0,38.31,50.0,0,0,1774825285517,False,True
0,38.31,22.79414,0,0,1774825286890,True,True
0,38.3,0.44490862,0,0,1774825295789,True,True
0,38.27,39.19488271,0,0,1774825303307,False,True
0,38.27,10.34148729,0,0,1774825303307,False,True
0,38.24,0.32632785,0,0,1774825387484,True,True
0,38.22,0.61187762,0,0,1774825412683,False,True
0,38.21,28.46428045,0,0,1774825412683,False,True
0,38.23,0.5234231,0,0,1774825428359,True,True
0,38.27,0.26922,0,0,1774825455085,False,True
0,38.24,0.3576745,0,0,1774825464205,True,True
0,38.29,0.61187762,0,0,1774825482980,False,True
0,38.31,12.0,0,0,1774825560697,False,True
0,38.25,1.27776,0,0,1774825795449,True,True
0,38.17,32.5827068,0,0,1774825872048,False,True
0,38.16,15.0,0,0,1774825943990,False,True
0,38.19,5.0,0,0,1774825962381,False,True
0,38.19,2.0,0,0,1774825975527,False,True
0,38.19,0.6118776,0,0,1774826067731,True,True
0,38.21,0.61187762,0,0,1774826083444,False,True
0,38.23,39.23997772,0,0,1774826187959,True,True
0,38.23,22.51938769,0,0,1774826187959,True,True
0,38.23,0.9223177,0,0,1774826187959,True,True
0,38.24,0.3676823,0,0,1774826187959,True,True
0,38.24,4.67,0,0,1774826187959,True,True
0,38.24,2.4,0,0,1774826187959,True,True
0,38.24,4.0,0,0,1774826187959,True,True
0,38.24,32.48323268,0,0,1774826187959,True,True
0,38.17,15.78246104,0,0,1774826245092,False,True
0,38.17,39.29105498,0,0,1774826245092,False,True
0,38.17,61.6895421,0,0,1774826245092,False,True
0,38.17,8.38173336,0,0,1774826245092,False,True
0,38.16,39.29957572,0,0,1774826245096,False,True
0,38.19,0.6118776,0,0,1774826257829,True,True
0,38.2,0.4588824,0,0,1774826257829,True,True
0,38.12,39.34942287,0,0,1774826335905,False,True
0,38.11,11.93459276,0,0,1774826335905,False,True
0,38.11,39.34942287,0,0,1774826335905,False,True
0,38.11,104.61567625,0,0,1774826335905,False,True
0,38.14,0.2624671,0,0,1774826481735,True,True
0,38.13,0.61187762,0,0,1774826534074,False,True
0,38.13,61.6895421,0,0,1774826534074,False,True
0,38.13,39.33718578,0,0,1774826534074,False,True
0,38.13,20.70980601,0,0,1774826534074,False,True
0,38.13,47.35538014,0,0,1774826534074,False,True
0,38.13,34.3605218,0,0,1774826534074,False,True
0,38.13,104.93753092,0,0,1774826534074,False,True
0,38.13,218.79679584,0,0,1774826534076,True,True
0,38.13,144.34575754,0,0,1774826534771,True,True
0,38.13,131.30174087,0,0,1774826535351,True,True
0,38.13,134.56954321,0,0,1774826535863,True,True
0,38.13,137.1799888,0,0,1774826536240,True,True
0,38.13,151.36518899,0,0,1774826536339,True,True
0,38.13,137.00678923,0,0,1774826536372,True,True
0,38.13,142.57271779,0,0,1774826536527,True,True
0,38.13,169.28899986,0,0,1774826536674,True,True
0,38.17,39.29787791,0,0,1774826649597,False,True
0,38.16,126.52,0,0,1774826649597,False,True
0,38.16,261.96,0,0,1774826649597,False,True
0,38.16,11.66162761,0,0,1774826649597,False,True
0,38.15,3.0,0,0,1774826653864,False,True
0,38.15,6.52647,0,0,1774826672644,True,True
0,38.04,1.3290704,0,0,1774826897171,False,True
0,38.04,39.43217665,0,0,1774826897171,False,True
0,38.03,39.43965952,0,0,1774826897171,False,True
0,38.02,61.6895421,0,0,1774826897171,False,True
0,38.02,124.50581133,0,0,1774826897171,False,True
0,38.03,39.43843638,0,0,1774826920499,False,True
0,38.03,61.6895421,0,0,1774826920499,False,True
0,38.02,32.07015152,0,0,1774826920499,False,True
0,38.03,39.43843638,0,0,1774826934421,False,True
0,38.03,93.75969362,0,0,1774826934421,False,True
0,38.01,61.6895421,0,0,1774826947914,False,True
0,38.01,39.46329913,0,0,1774826947914,False,True
0,38.01,15.64902877,0,0,1774826947914,False,True
0,38.03,87.6014,0,0,1774826961954,False,True
0,38.1,39.37007874,0,0,1774826981568,False,True
0,38.09,61.6895421,0,0,1774826981568,False,True
0,38.09,30.34247916,0,0,1774826981568,False,True
0,38.09,1.99239,0,0,1774826983116,False,True
0,38.06,39.40649388,0,0,1774826994421,False,True
0,38.05,91.99561612,0,0,1774826994421,False,True
0,38.08,0.04984,0,0,1774827127609,True,True
0,38.01,0.6118776,0,0,1774827165689,True,True
0,38.02,133.98731852,0,0,1774827165689,True,True
0,37.98,0.2492355,0,0,1774827348808,False,True
0,37.97,2.02791677,0,0,1774827348808,False,True
0,37.97,0.61187762,0,0,1774827348808,False,True
0,37.91,26.04719219,0,0,1774827438777,False,True
0,37.96,0.37246059,0,0,1774827489317,False,True
0,37.96,39.14281865,0,0,1774827489317,False,True
0,37.95,10.48472076,0,0,1774827489317,False,True
0,37.99,0.26344469,0,0,1774827545157,True,True
0,37.99,26.05927181,0,0,1774827545157,True,True
0,38.0,5.6951629,0,0,1774827604068,False,True
0,37.89,5.05991,0,0,1774827734634,True,True
0,37.85,1.3290704,0,0,1774827783719,False,True
0,37.85,39.62837695,0,0,1774827783719,False,True
0,37.8,110.97644945,0,0,1774827863027,False,True
0,37.81,0.71407268,0,0,1774827866680,True,True
0,37.8,1.29669049,0,0,1774827868472,False,True
0,37.8,180.45632165,0,0,1774828034202,False,True
0,37.8,130.27053841,0,0,1774828234580,False,True
0,37.78,105.60990157,0,0,1774828327039,False,True
0,37.76,79.44915254,0,0,1774828343720,True,True
0,37.77,1.00339,0,0,1774828395650,False,True
0,37.8,0.84625,0,0,1774828463111,True,True
0,37.8,12.02488501,0,0,1774828470987,True,True
0,37.81,39.6724943,0,0,1774828470987,True,True
0,37.81,0.6118776,0,0,1774828470987,True,True
0,37.81,24.26479436,0,0,1774828470987,True,True
0,37.81,123.42594873,0,0,1774828470987,True,True
0,37.8,0.61187762,0,0,1774828689008,False,True
0,37.82,0.26172,0,0,1774828788140,True,True
