timestamp,open,high,low,close,volume
1773446400,70947.0,70947.0,70863.0,70863.0,3.04002751
1773446460,70865.0,70871.0,70826.0,70826.0,2.01800519
1773446520,70826.0,70832.0,70793.0,70793.0,3.13428993
1773446580,70793.0,70803.0,70763.0,70803.0,3.22048736
1773446640,70808.0,70848.0,70808.0,70823.0,0.30124743
1773446700,70824.0,70842.0,70810.0,70810.0,3.50791319
1773446760,70811.0,70820.0,70811.0,70820.0,0.38691707
1773446820,70819.0,70819.0,70804.0,70805.0,0.65041498
1773446880,70805.0,70816.0,70801.0,70801.0,1.57718402
1773446940,70801.0,70844.0,70801.0,70844.0,1.04055727
1773447000,70844.0,70881.0,70844.0,70860.0,2.03081014
1773447060,70855.0,70855.0,70830.0,70841.0,0.08542057
1773447120,70856.0,70856.0,70847.0,70855.0,0.68683122
1773447180,70840.0,70846.0,70840.0,70846.0,0.32456976
1773447240,70846.0,70884.0,70846.0,70884.0,2.27910962
1773447300,70890.0,70914.0,70890.0,70914.0,0.62953501
1773447360,70914.0,70914.0,70871.0,70884.0,1.25104346
1773447420,70885.0,70897.0,70871.0,70871.0,0.58307268
1773447480,70871.0,70871.0,70866.0,70870.0,0.03466304
1773447540,70870.0,70897.0,70870.0,70897.0,1.84510622
1773447600,70897.0,70926.0,70897.0,70925.0,0.74394626
1773447660,70925.0,70937.0,70925.0,70937.0,0.51089343
1773447720,70936.0,70956.0,70936.0,70956.0,0.94517067
1773447780,70957.0,70957.0,70956.0,70957.0,0.01567899
1773447840,70956.0,70956.0,70887.0,70887.0,2.93401712
1773447900,70881.0,70881.0,70828.0,70828.0,1.20913298
1773447960,70828.0,70834.0,70798.0,70798.0,1.47946525
1773448020,70802.0,70818.0,70802.0,70810.0,0.08781147
1773448080,70810.0,70873.0,70810.0,70873.0,1.06358936
1773448140,70872.0,70911.0,70872.0,70911.0,1.01270038
1773448200,70916.0,70927.0,70869.0,70869.0,1.1820862
1773448260,70869.0,70919.0,70869.0,70882.0,1.61496569
1773448320,70882.0,70882.0,70853.0,70881.0,0.74026356
1773448380,70881.0,70886.0,70881.0,70885.0,0.26298178
1773448440,70885.0,70898.0,70885.0,70898.0,1.17838981
1773448500,70898.0,70917.0,70898.0,70917.0,0.90859842
1773448560,70917.0,70923.0,70915.0,70915.0,0.85393777
1773448620,70915.0,70920.0,70906.0,70920.0,0.81088012
1773448680,70920.0,70921.0,70893.0,70894.0,1.58925719
1773448740,70893.0,70893.0,70806.0,70806.0,2.10336987
1773448800,70806.0,70819.0,70804.0,70805.0,0.04665445
1773448860,70805.0,70805.0,70794.0,70794.0,0.51705012
1773448920,70795.0,70820.0,70795.0,70820.0,0.94769891
1773448980,70820.0,70820.0,70621.0,70622.0,8.18810057
1773449040,70621.0,70621.0,70589.0,70589.0,19.9204859
1773449100,70589.0,70598.0,70581.0,70598.0,10.23149198
1773449160,70598.0,70661.0,70598.0,70646.0,3.02335673
1773449220,70659.0,70661.0,70626.0,70661.0,1.79028188
1773449280,70666.0,70692.0,70633.0,70648.0,2.99222607
1773449340,70642.0,70642.0,70602.0,70602.0,0.9742759
1773449400,70605.0,70632.0,70602.0,70610.0,2.94752237
1773449460,70611.0,70665.0,70611.0,70664.0,1.40145217
1773449520,70665.0,70665.0,70651.0,70652.0,0.10376298
1773449580,70651.0,70661.0,70611.0,70661.0,1.59942191
1773449640,70662.0,70666.0,70662.0,70663.0,1.33762864
1773449700,70663.0,70675.0,70663.0,70675.0,1.01524551
1773449760,70675.0,70726.0,70675.0,70702.0,2.72285454
1773449820,70699.0,70699.0,70684.0,70684.0,0.28105766
1773449880,70685.0,70697.0,70685.0,70697.0,0.27647464
1773449940,70697.0,70702.0,70661.0,70661.0,3.87637829
1773450000,70659.0,70710.0,70659.0,70710.0,2.12202178
1773450060,70709.0,70710.0,70695.0,70709.0,2.31149817
1773450120,70693.0,70730.0,70693.0,70730.0,0.37366178
1773450180,70733.0,70740.0,70733.0,70740.0,0.70105129
1773450240,70753.0,70765.0,70753.0,70762.0,0.60566509
1773450300,70757.0,70759.0,70754.0,70758.0,1.00980216
1773450360,70758.0,70758.0,70755.0,70756.0,0.40944129
1773450420,70755.0,70755.0,70746.0,70746.0,0.63509601
1773450480,70740.0,70747.0,70731.0,70747.0,1.59097418
1773450540,70747.0,70766.0,70747.0,70766.0,0.55074787
1773450600,70767.0,70768.0,70765.0,70768.0,0.57389456
1773450660,70767.0,70767.0,70716.0,70716.0,1.71142092
1773450720,70710.0,70718.0,70699.0,70699.0,0.57497752
1773450780,70710.0,70710.0,70685.0,70685.0,1.12699094
1773450840,70686.0,70700.0,70686.0,70700.0,0.31108254
1773450900,70700.0,70727.0,70700.0,70726.0,0.24761052
1773450960,70727.0,70727.0,70720.0,70720.0,0.23024124
1773451020,70722.0,70722.0,70722.0,70722.0,0.00748242
1773451080,70722.0,70746.0,70722.0,70746.0,0.28134767
1773451140,70746.0,70772.0,70746.0,70771.0,0.19963663
1773451200,70772.0,70772.0,70769.0,70772.0,1.14903456
1773451260,70783.0,70783.0,70781.0,70781.0,0.17551102
1773451320,70781.0,70795.0,70781.0,70795.0,0.20379497
1773451380,70795.0,70795.0,70794.0,70795.0,0.11066865
1773451440,70795.0,70795.0,70795.0,70795.0,0.01296489
1773451500,70795.0,70800.0,70795.0,70797.0,0.17877402
1773451560,70797.0,70813.0,70797.0,70813.0,0.14543096
1773451620,70812.0,70818.0,70812.0,70818.0,0.85546074
1773451680,70812.0,70812.0,70788.0,70789.0,0.93287738
1773451740,70790.0,70806.0,70789.0,70799.0,0.43719546
1773451800,70799.0,70799.0,70798.0,70798.0,0.09885422
1773451860,70799.0,70823.0,70799.0,70823.0,1.25386468
1773451920,70822.0,70822.0,70818.0,70820.0,0.30179335
1773451980,70823.0,70823.0,70701.0,70716.0,9.84733882
1773452040,70716.0,70729.0,70705.0,70705.0,2.28783809
1773452100,70708.0,70708.0,70643.0,70653.0,1.44225163
1773452160,70653.0,70672.0,70609.0,70610.0,1.73479311
1773452220,70627.0,70635.0,70605.0,70605.0,0.65371988
1773452280,70602.0,70602.0,70500.0,70544.0,8.6199007
1773452340,70551.0,70738.0,70551.0,70725.0,5.84249193
1773452400,70709.0,70741.0,70704.0,70741.0,3.25760477
1773452460,70742.0,70830.0,70742.0,70823.0,4.23625961
1773452520,70822.0,70822.0,70790.0,70806.0,0.98934544
1773452580,70806.0,70807.0,70786.0,70807.0,1.07408403
1773452640,70808.0,70843.0,70808.0,70828.0,4.84291532
1773452700,70828.0,70838.0,70828.0,70838.0,0.72433239
1773452760,70837.0,70848.0,70837.0,70847.0,0.85251798
1773452820,70839.0,70878.0,70839.0,70867.0,1.01551034
1773452880,70865.0,70883.0,70865.0,70883.0,0.56239747
1773452940,70882.0,70883.0,70882.0,70882.0,0.08678813
1773453000,70883.0,70883.0,70882.0,70882.0,0.00058188
1773453060,70882.0,70885.0,70859.0,70883.0,0.52885876
1773453120,70871.0,70871.0,70867.0,70870.0,0.01656291
1773453180,70876.0,70876.0,70863.0,70863.0,0.27474892
1773453240,70863.0,70899.0,70863.0,70899.0,5.06574278
1773453300,70905.0,70905.0,70859.0,70859.0,2.88103942
1773453360,70859.0,70859.0,70852.0,70852.0,3.62731979
1773453420,70853.0,70875.0,70853.0,70875.0,0.57402234
1773453480,70875.0,70886.0,70875.0,70881.0,0.28368728
1773453540,70872.0,70872.0,70850.0,70850.0,0.56330722
1773453600,70850.0,70850.0,70805.0,70806.0,1.18880286
1773453660,70807.0,70807.0,70802.0,70802.0,0.81175981
1773453720,70799.0,70805.0,70799.0,70805.0,0.28377429
1773453780,70804.0,70836.0,70804.0,70836.0,0.83793175
1773453840,70836.0,70864.0,70836.0,70864.0,1.38682206
1773453900,70872.0,70897.0,70872.0,70897.0,0.13401757
1773453960,70898.0,70906.0,70897.0,70897.0,0.52112958
1773454020,70887.0,70898.0,70887.0,70890.0,2.05576699
1773454080,70886.0,70886.0,70860.0,70860.0,0.48442995
1773454140,70854.0,70866.0,70854.0,70866.0,0.32016293
1773454200,70865.0,70866.0,70865.0,70866.0,0.53166587
1773454260,70842.0,70842.0,70834.0,70834.0,1.81791436
1773454320,70834.0,70834.0,70834.0,70834.0,0.62426606
1773454380,70838.0,70841.0,70838.0,70840.0,0.12114839
1773454440,70841.0,70859.0,70841.0,70859.0,0.06276785
1773454500,70852.0,70852.0,70834.0,70841.0,0.58350231
1773454560,70849.0,70857.0,70849.0,70857.0,1.01827107
1773454620,70858.0,70874.0,70858.0,70874.0,0.08103903
1773454680,70874.0,70878.0,70873.0,70873.0,0.00836075
1773454740,70868.0,70868.0,70867.0,70867.0,1.1583314
1773454800,70867.0,70867.0,70842.0,70842.0,0.85797603
1773454860,70842.0,70842.0,70821.0,70841.0,1.55160749
1773454920,70841.0,70841.0,70841.0,70841.0,0.03
1773454980,70841.0,70841.0,70801.0,70801.0,0.272871
1773455040,70801.0,70862.0,70801.0,70861.0,2.6345142
1773455100,70869.0,70869.0,70812.0,70812.0,0.27920991
1773455160,70815.0,70815.0,70812.0,70814.0,0.59721346
1773455220,70814.0,70814.0,70814.0,70814.0,0.0
1773455280,70813.0,70814.0,70813.0,70813.0,0.0013092
1773455340,70813.0,70816.0,70813.0,70816.0,0.31214028
1773455400,70815.0,70815.0,70814.0,70814.0,0.04024838
1773455460,70813.0,70813.0,70794.0,70794.0,1.00840438
1773455520,70786.0,70786.0,70767.0,70767.0,1.80555856
1773455580,70767.0,70767.0,70766.0,70766.0,0.20062496
1773455640,70767.0,70813.0,70767.0,70813.0,0.41529124
1773455700,70835.0,70859.0,70835.0,70838.0,5.82903941
1773455760,70838.0,70843.0,70824.0,70841.0,2.19425463
1773455820,70795.0,70795.0,70775.0,70786.0,1.36743273
1773455880,70781.0,70782.0,70770.0,70770.0,0.64973791
1773455940,70761.0,70782.0,70761.0,70782.0,0.8834687
1773456000,70786.0,70787.0,70786.0,70787.0,0.00878012
1773456060,70788.0,70807.0,70788.0,70807.0,0.62159828
1773456120,70806.0,70806.0,70796.0,70797.0,1.4630329
1773456180,70797.0,70797.0,70772.0,70772.0,0.68213884
1773456240,70775.0,70776.0,70775.0,70776.0,0.05591716
1773456300,70776.0,70776.0,70775.0,70776.0,0.31060569
1773456360,70772.0,70772.0,70772.0,70772.0,0.000226
1773456420,70773.0,70776.0,70772.0,70776.0,0.14029153
1773456480,70773.0,70774.0,70773.0,70774.0,0.00650448
1773456540,70773.0,70799.0,70763.0,70799.0,1.80248709
1773456600,70799.0,70801.0,70780.0,70780.0,0.9880182
1773456660,70780.0,70792.0,70780.0,70792.0,0.53001092
1773456720,70792.0,70819.0,70792.0,70819.0,0.61655424
1773456780,70822.0,70856.0,70822.0,70847.0,0.96471519
1773456840,70848.0,70856.0,70809.0,70809.0,1.93299812
1773456900,70793.0,70882.0,70793.0,70878.0,4.88247831
1773456960,70878.0,70878.0,70878.0,70878.0,0.0
1773457020,70875.0,70875.0,70860.0,70860.0,0.46992433
1773457080,70861.0,70861.0,70861.0,70861.0,0.000804
1773457140,70862.0,70862.0,70792.0,70795.0,5.78522036
1773457200,70796.0,70837.0,70796.0,70837.0,0.41929332
1773457260,70837.0,70878.0,70837.0,70869.0,1.1845088
1773457320,70869.0,70870.0,70848.0,70856.0,1.09117075
1773457380,70856.0,70865.0,70841.0,70841.0,0.70087574
1773457440,70842.0,70888.0,70842.0,70888.0,1.751015
1773457500,70888.0,70920.0,70888.0,70920.0,28.55316213
1773457560,70920.0,70972.0,70920.0,70970.0,5.47508269
1773457620,70971.0,70996.0,70965.0,70989.0,3.6641201
1773457680,70990.0,71004.0,70986.0,70986.0,1.44551188
1773457740,70986.0,71002.0,70986.0,70998.0,0.55651735
1773457800,70998.0,70998.0,70972.0,70982.0,0.53294426
1773457860,70983.0,70988.0,70983.0,70988.0,0.53986618
1773457920,70999.0,71000.0,70999.0,70999.0,0.01100333
1773457980,71000.0,71000.0,70991.0,70991.0,1.7795496
1773458040,70985.0,71002.0,70985.0,71002.0,0.62131726
1773458100,71006.0,71006.0,70997.0,70997.0,0.60110264
1773458160,71005.0,71069.0,71005.0,71069.0,3.4674605
1773458220,71045.0,71134.0,71004.0,71110.0,12.21620812
1773458280,71101.0,71114.0,71085.0,71102.0,3.09879249
1773458340,71105.0,71125.0,71004.0,71004.0,9.25251969
1773458400,71012.0,71012.0,70989.0,70989.0,0.8372218
1773458460,70981.0,70981.0,70970.0,70972.0,0.00636378
1773458520,70973.0,70973.0,70972.0,70972.0,0.09051708
1773458580,70973.0,71023.0,70971.0,71015.0,0.53975739
1773458640,71003.0,71020.0,71003.0,71020.0,0.00609743
1773458700,71020.0,71051.0,71020.0,71051.0,1.90466463
1773458760,71048.0,71048.0,71047.0,71048.0,0.01726299
1773458820,71048.0,71054.0,71048.0,71053.0,0.72519406
1773458880,71060.0,71071.0,71060.0,71060.0,0.99391321
1773458940,71060.0,71060.0,71039.0,71039.0,1.07516245
1773459000,71039.0,71072.0,71038.0,71066.0,0.39471271
1773459060,71066.0,71102.0,71066.0,71092.0,0.97640795
1773459120,71096.0,71126.0,71095.0,71106.0,1.91772493
1773459180,71119.0,71160.0,71118.0,71160.0,1.56361719
1773459240,71159.0,71160.0,71147.0,71157.0,0.34404042
1773459300,71157.0,71157.0,71112.0,71112.0,1.25691544
1773459360,71112.0,71112.0,71112.0,71112.0,0.26342393
1773459420,71096.0,71122.0,71096.0,71111.0,0.98969095
1773459480,71109.0,71109.0,71089.0,71089.0,0.55780532
1773459540,71090.0,71169.0,71090.0,71167.0,2.2230389
1773459600,71157.0,71157.0,71142.0,71152.0,0.45090435
1773459660,71152.0,71161.0,71152.0,71161.0,0.00415584
1773459720,71161.0,71168.0,71154.0,71168.0,0.05445141
1773459780,71175.0,71175.0,71163.0,71163.0,0.27042096
1773459840,71160.0,71160.0,71159.0,71160.0,0.19908379
1773459900,71160.0,71160.0,71097.0,71097.0,2.81764395
1773459960,71097.0,71137.0,71097.0,71126.0,1.56197178
1773460020,71122.0,71122.0,71089.0,71100.0,2.73566963
1773460080,71098.0,71098.0,71091.0,71092.0,0.27308125
1773460140,71092.0,71096.0,71092.0,71096.0,1.26674066
1773460200,71096.0,71096.0,71095.0,71096.0,0.26176946
1773460260,71096.0,71096.0,71085.0,71085.0,0.24798239
1773460320,71085.0,71085.0,71085.0,71085.0,0.05233036
1773460380,71085.0,71085.0,71085.0,71085.0,0.00372225
1773460440,71084.0,71085.0,71084.0,71085.0,0.03456426
1773460500,71095.0,71095.0,71066.0,71066.0,0.58025095
1773460560,71066.0,71066.0,71059.0,71064.0,0.64911941
1773460620,71064.0,71087.0,71064.0,71078.0,2.07642295
1773460680,71078.0,71078.0,71078.0,71078.0,0.25853973
1773460740,71078.0,71087.0,71078.0,71087.0,0.3226067
1773460800,71087.0,71110.0,71087.0,71104.0,1.11164809
1773460860,71104.0,71104.0,71098.0,71099.0,0.29421041
1773460920,71098.0,71098.0,71079.0,71079.0,1.23937527
1773460980,71079.0,71092.0,71079.0,71092.0,0.33723428
1773461040,71092.0,71156.0,71092.0,71149.0,3.16680263
1773461100,71140.0,71140.0,71126.0,71127.0,2.1506923
1773461160,71133.0,71157.0,71129.0,71150.0,4.61305537
1773461220,71146.0,71146.0,71146.0,71146.0,0.28
1773461280,71129.0,71187.0,71129.0,71187.0,4.49608159
1773461340,71187.0,71192.0,71187.0,71192.0,0.13090293
1773461400,71191.0,71193.0,71191.0,71193.0,0.80117627
1773461460,71202.0,71202.0,71202.0,71202.0,0.18281549
1773461520,71202.0,71202.0,71189.0,71189.0,0.70077322
1773461580,71189.0,71227.0,71189.0,71214.0,2.94638496
1773461640,71215.0,71216.0,71208.0,71210.0,0.91486569
1773461700,71211.0,71222.0,71147.0,71147.0,1.61650533
1773461760,71128.0,71128.0,71124.0,71124.0,0.04687756
1773461820,71120.0,71123.0,71120.0,71123.0,0.28438295
1773461880,71125.0,71128.0,71125.0,71127.0,0.25439279
1773461940,71128.0,71143.0,71125.0,71143.0,1.20551285
1773462000,71144.0,71151.0,71143.0,71151.0,0.0090871
1773462060,71151.0,71151.0,71129.0,71129.0,1.33434893
1773462120,71130.0,71130.0,71130.0,71130.0,0.27169297
1773462180,71143.0,71143.0,71143.0,71143.0,0.21118363
1773462240,71148.0,71148.0,71147.0,71147.0,0.07558279
1773462300,71147.0,71147.0,71147.0,71147.0,0.006
1773462360,71147.0,71148.0,71147.0,71148.0,0.03687887
1773462420,71147.0,71155.0,71147.0,71155.0,0.30233033
1773462480,71155.0,71173.0,71155.0,71173.0,0.28471941
1773462540,71173.0,71217.0,71166.0,71217.0,4.28154619
1773462600,71209.0,71209.0,71159.0,71159.0,3.00509585
1773462660,71147.0,71151.0,71147.0,71151.0,0.01094965
1773462720,71151.0,71174.0,71151.0,71174.0,1.42416251
1773462780,71175.0,71175.0,71160.0,71160.0,0.45741526
1773462840,71160.0,71224.0,71160.0,71224.0,0.91739538
1773462900,71225.0,71229.0,71225.0,71228.0,0.00735394
1773462960,71228.0,71228.0,71228.0,71228.0,0.61459526
1773463020,71229.0,71264.0,71229.0,71250.0,3.413531
1773463080,71251.0,71287.0,71251.0,71287.0,3.34839536
1773463140,71287.0,71287.0,71259.0,71265.0,2.68412732
1773463200,71265.0,71265.0,71265.0,71265.0,0.10767372
1773463260,71265.0,71290.0,71265.0,71290.0,0.50109543
1773463320,71290.0,71308.0,71290.0,71308.0,0.90156991
1773463380,71302.0,71302.0,71298.0,71298.0,0.63351891
1773463440,71294.0,71294.0,71274.0,71274.0,2.51888863
1773463500,71293.0,71293.0,71281.0,71281.0,1.25015417
1773463560,71272.0,71272.0,71271.0,71271.0,0.00090129
1773463620,71259.0,71264.0,71259.0,71264.0,0.02064229
1773463680,71265.0,71269.0,71265.0,71268.0,0.13501729
1773463740,71269.0,71291.0,71269.0,71291.0,1.17681582
1773463800,71303.0,71305.0,71289.0,71289.0,4.58508039
1773463860,71283.0,71283.0,71240.0,71242.0,2.36460784
1773463920,71232.0,71232.0,71128.0,71134.0,5.30524478
1773463980,71119.0,71136.0,71108.0,71108.0,15.6240809
1773464040,71106.0,71110.0,71079.0,71087.0,5.7149243
1773464100,71087.0,71112.0,71087.0,71107.0,3.70669657
1773464160,71089.0,71089.0,71040.0,71059.0,1.66732384
1773464220,71053.0,71053.0,71035.0,71036.0,0.7715814
1773464280,71036.0,71047.0,71036.0,71047.0,0.54826126
1773464340,71041.0,71041.0,71041.0,71041.0,0.15588855
1773464400,71041.0,71071.0,71041.0,71071.0,0.98991171
1773464460,71071.0,71071.0,71070.0,71070.0,0.57316449
1773464520,71072.0,71083.0,71072.0,71083.0,0.07141066
1773464580,71083.0,71084.0,71067.0,71067.0,0.43597245
1773464640,71067.0,71081.0,71042.0,71042.0,2.61468477
1773464700,71034.0,71034.0,71013.0,71013.0,1.88765441
1773464760,71014.0,71022.0,71002.0,71022.0,0.85187608
1773464820,71023.0,71125.0,71023.0,71124.0,4.40576435
1773464880,71123.0,71123.0,71119.0,71119.0,0.26061875
1773464940,71119.0,71119.0,71106.0,71111.0,2.95625112
1773465000,71111.0,71122.0,71111.0,71121.0,1.32984822
1773465060,71122.0,71124.0,71117.0,71117.0,0.84635228
1773465120,71114.0,71114.0,71114.0,71114.0,0.73346203
1773465180,71108.0,71114.0,71108.0,71113.0,0.05521978
1773465240,71113.0,71114.0,71113.0,71114.0,0.40582689
1773465300,71118.0,71118.0,71113.0,71113.0,0.55249017
1773465360,71114.0,71117.0,71114.0,71116.0,1.3051499
1773465420,71116.0,71116.0,71082.0,71082.0,2.73511498
1773465480,71082.0,71097.0,71082.0,71097.0,0.57367375
1773465540,71097.0,71116.0,71097.0,71116.0,0.06668567
1773465600,71115.0,71116.0,71115.0,71116.0,0.00180778
1773465660,71116.0,71116.0,71116.0,71116.0,0.80408503
1773465720,71129.0,71129.0,71129.0,71129.0,0.000402
1773465780,71130.0,71148.0,71130.0,71147.0,1.30790305
1773465840,71148.0,71156.0,71123.0,71123.0,2.72247704
1773465900,71120.0,71123.0,71120.0,71123.0,0.00953308
1773465960,71126.0,71143.0,71126.0,71143.0,2.30295631
1773466020,71143.0,71143.0,71143.0,71143.0,0.29063263
1773466080,71127.0,71127.0,71127.0,71127.0,0.001118
1773466140,71124.0,71125.0,71124.0,71124.0,0.32579644
1773466200,71127.0,71127.0,71124.0,71124.0,0.13609785
1773466260,71116.0,71116.0,71079.0,71079.0,0.60417024
1773466320,71074.0,71074.0,71071.0,71071.0,0.21020229
1773466380,71071.0,71071.0,70992.0,70992.0,0.59978064
1773466440,70982.0,70982.0,70972.0,70973.0,0.72933099
1773466500,70973.0,70980.0,70973.0,70979.0,0.6538184
1773466560,70980.0,70987.0,70926.0,70987.0,3.19990319
1773466620,70993.0,71004.0,70993.0,71004.0,0.27336337
1773466680,70978.0,70978.0,70976.0,70976.0,0.06323021
1773466740,70969.0,71001.0,70969.0,71001.0,0.55459573
1773466800,70996.0,70996.0,70986.0,70987.0,0.19004084
1773466860,70987.0,70994.0,70986.0,70986.0,0.42050346
1773466920,70986.0,70986.0,70973.0,70973.0,0.68769224
1773466980,70961.0,70969.0,70961.0,70969.0,0.99546534
1773467040,70976.0,71000.0,70976.0,71000.0,1.29738198
1773467100,70999.0,71000.0,70992.0,70996.0,0.85435484
1773467160,70996.0,71020.0,70996.0,71020.0,0.45843602
1773467220,71020.0,71020.0,71020.0,71020.0,0.0
1773467280,71019.0,71020.0,71019.0,71019.0,0.00054069
1773467340,71019.0,71020.0,70995.0,71015.0,0.90466498
1773467400,71033.0,71033.0,71022.0,71022.0,0.27336932
1773467460,71022.0,71022.0,71010.0,71011.0,0.55655308
1773467520,71011.0,71030.0,71008.0,71026.0,1.76126198
1773467580,71025.0,71025.0,71022.0,71022.0,0.1650698
1773467640,71022.0,71051.0,71022.0,71036.0,1.6308634
1773467700,71011.0,71020.0,71011.0,71020.0,0.28646579
1773467760,71019.0,71019.0,71015.0,71015.0,0.28242677
1773467820,71015.0,71015.0,71015.0,71015.0,0.0
1773467880,71014.0,71015.0,71014.0,71015.0,0.03006702
1773467940,71015.0,71024.0,71015.0,71024.0,0.59135028
1773468000,71019.0,71019.0,70994.0,70994.0,0.56637427
1773468060,70993.0,70993.0,70964.0,70964.0,0.613159
1773468120,70965.0,70975.0,70965.0,70975.0,0.36346685
1773468180,70973.0,70973.0,70961.0,70961.0,0.58782487
1773468240,70956.0,70957.0,70940.0,70940.0,0.0438549
1773468300,70940.0,70962.0,70940.0,70961.0,0.63151054
1773468360,70960.0,70961.0,70960.0,70961.0,0.00152569
1773468420,70960.0,70960.0,70960.0,70960.0,0.34432872
1773468480,70946.0,70946.0,70946.0,70946.0,6.988e-05
1773468540,70946.0,70957.0,70946.0,70957.0,0.35429344
1773468600,70958.0,70958.0,70947.0,70947.0,0.43379761
1773468660,70947.0,70947.0,70922.0,70922.0,0.37092462
1773468720,70922.0,70923.0,70920.0,70920.0,0.7382132
1773468780,70914.0,70922.0,70914.0,70922.0,0.66428032
1773468840,70922.0,70940.0,70922.0,70940.0,0.66762086
1773468900,70940.0,70940.0,70927.0,70927.0,0.70261904
1773468960,70909.0,70909.0,70861.0,70867.0,30.49211487
1773469020,70862.0,70862.0,70828.0,70828.0,3.16480695
1773469080,70833.0,70836.0,70816.0,70836.0,2.16789651
1773469140,70836.0,70855.0,70836.0,70853.0,0.78894482
1773469200,70850.0,70850.0,70795.0,70813.0,3.86508988
1773469260,70822.0,70838.0,70822.0,70838.0,0.49804131
1773469320,70848.0,70857.0,70848.0,70856.0,0.12825877
1773469380,70857.0,70870.0,70857.0,70869.0,0.42229358
1773469440,70851.0,70851.0,70808.0,70810.0,0.88437446
1773469500,70809.0,70809.0,70784.0,70784.0,1.90160967
1773469560,70776.0,70776.0,70716.0,70722.0,1.45731001
1773469620,70728.0,70734.0,70722.0,70722.0,0.30650076
1773469680,70722.0,70735.0,70722.0,70735.0,0.30634687
1773469740,70735.0,70735.0,70734.0,70734.0,0.19824209
1773469800,70724.0,70724.0,70717.0,70718.0,0.56327937
1773469860,70718.0,70735.0,70717.0,70735.0,0.17540784
1773469920,70735.0,70747.0,70735.0,70737.0,0.32939965
1773469980,70728.0,70728.0,70716.0,70716.0,0.63258078
1773470040,70716.0,70716.0,70658.0,70667.0,7.2907444
1773470100,70667.0,70708.0,70667.0,70708.0,0.37568766
1773470160,70708.0,70731.0,70694.0,70694.0,1.10056761
1773470220,70675.0,70675.0,70634.0,70639.0,2.11174361
1773470280,70637.0,70638.0,70547.0,70547.0,6.21085436
1773470340,70548.0,70578.0,70539.0,70549.0,2.21097405
1773470400,70560.0,70615.0,70305.0,70478.0,20.66591353
1773470460,70497.0,70497.0,70436.0,70443.0,4.06483386
1773470520,70440.0,70465.0,70435.0,70461.0,2.8879276
1773470580,70447.0,70510.0,70447.0,70481.0,15.44732814
1773470640,70479.0,70479.0,70454.0,70473.0,4.45875057
1773470700,70472.0,70491.0,70438.0,70491.0,2.2666763
1773470760,70497.0,70568.0,70487.0,70560.0,2.47956804
1773470820,70576.0,70660.0,70576.0,70626.0,8.81488608
1773470880,70642.0,70671.0,70607.0,70662.0,1.66525673
1773470940,70618.0,70661.0,70618.0,70639.0,1.88524335
1773471000,70639.0,70670.0,70639.0,70649.0,2.90845077
1773471060,70635.0,70672.0,70635.0,70664.0,0.92390998
1773471120,70658.0,70666.0,70658.0,70666.0,0.30594394
1773471180,70671.0,70671.0,70668.0,70668.0,1.05148885
1773471240,70664.0,70664.0,70642.0,70642.0,0.68029934
1773471300,70640.0,70675.0,70640.0,70675.0,0.90979448
1773471360,70687.0,70702.0,70687.0,70702.0,0.09666686
1773471420,70701.0,70701.0,70679.0,70679.0,0.88502548
1773471480,70662.0,70662.0,70656.0,70656.0,0.05051153
1773471540,70654.0,70673.0,70637.0,70640.0,1.88790657
1773471600,70619.0,70682.0,70616.0,70682.0,2.74320942
1773471660,70682.0,70708.0,70682.0,70685.0,0.57985858
1773471720,70685.0,70685.0,70681.0,70681.0,0.56048741
1773471780,70672.0,70696.0,70672.0,70688.0,1.96316602
1773471840,70684.0,70684.0,70684.0,70684.0,0.34151662
1773471900,70684.0,70684.0,70623.0,70623.0,1.55240573
1773471960,70630.0,70636.0,70618.0,70636.0,0.81067494
1773472020,70657.0,70657.0,70649.0,70649.0,0.55627396
1773472080,70640.0,70651.0,70639.0,70651.0,0.23193338
1773472140,70651.0,70692.0,70651.0,70692.0,2.53222796
1773472200,70703.0,70721.0,70703.0,70720.0,1.42047942
1773472260,70713.0,70725.0,70693.0,70725.0,1.1418703
1773472320,70727.0,70727.0,70715.0,70716.0,0.30491897
1773472380,70719.0,70728.0,70719.0,70728.0,0.201
1773472440,70735.0,70735.0,70724.0,70725.0,1.03830174
1773472500,70725.0,70750.0,70693.0,70696.0,15.50020198
1773472560,70692.0,70692.0,70680.0,70680.0,0.204684
1773472620,70687.0,70693.0,70687.0,70693.0,0.60097649
1773472680,70692.0,70698.0,70692.0,70698.0,0.50033263
1773472740,70701.0,70717.0,70701.0,70701.0,1.6673491
1773472800,70700.0,70700.0,70683.0,70683.0,0.73471263
1773472860,70683.0,70683.0,70664.0,70664.0,0.16469456
1773472920,70657.0,70657.0,70643.0,70644.0,0.01663326
1773472980,70643.0,70643.0,70581.0,70599.0,0.99045612
1773473040,70599.0,70601.0,70577.0,70590.0,1.72109172
1773473100,70596.0,70618.0,70596.0,70617.0,0.56899335
1773473160,70617.0,70626.0,70617.0,70626.0,0.402765
1773473220,70633.0,70682.0,70633.0,70672.0,1.10588079
1773473280,70678.0,70682.0,70678.0,70682.0,0.165556
1773473340,70682.0,70692.0,70677.0,70692.0,1.00735047
1773473400,70693.0,70727.0,70693.0,70727.0,0.3959117
1773473460,70730.0,70730.0,70726.0,70726.0,0.29321483
1773473520,70733.0,70747.0,70732.0,70732.0,0.74716813
1773473580,70704.0,70704.0,70693.0,70703.0,0.28648546
1773473640,70703.0,70713.0,70685.0,70686.0,1.51652328
1773473700,70686.0,70686.0,70631.0,70631.0,1.01017618
1773473760,70631.0,70631.0,70576.0,70584.0,0.29122584
1773473820,70586.0,70586.0,70551.0,70570.0,1.53693517
1773473880,70570.0,70598.0,70570.0,70590.0,0.43195588
1773473940,70589.0,70589.0,70589.0,70589.0,0.1020805
1773474000,70597.0,70597.0,70575.0,70584.0,0.7681005
1773474060,70587.0,70587.0,70513.0,70523.0,1.35252888
1773474120,70528.0,70569.0,70528.0,70569.0,0.47750493
1773474180,70563.0,70563.0,70563.0,70563.0,0.26808973
1773474240,70541.0,70555.0,70541.0,70555.0,0.58899133
1773474300,70562.0,70562.0,70514.0,70519.0,0.7321532
1773474360,70504.0,70538.0,70501.0,70538.0,0.68272271
1773474420,70538.0,70539.0,70533.0,70539.0,0.58254338
1773474480,70539.0,70539.0,70528.0,70528.0,0.1779729
1773474540,70528.0,70561.0,70528.0,70555.0,1.05850282
1773474600,70547.0,70560.0,70542.0,70560.0,1.44516968
1773474660,70566.0,70587.0,70561.0,70587.0,1.66667093
1773474720,70586.0,70586.0,70572.0,70572.0,0.59121978
1773474780,70569.0,70601.0,70568.0,70578.0,0.47991488
1773474840,70593.0,70602.0,70540.0,70540.0,1.58969413
1773474900,70540.0,70598.0,70540.0,70598.0,0.76155166
1773474960,70606.0,70606.0,70589.0,70597.0,1.01741701
1773475020,70597.0,70632.0,70597.0,70632.0,1.73696697
1773475080,70628.0,70628.0,70619.0,70621.0,0.71475836
1773475140,70615.0,70615.0,70592.0,70612.0,1.78562793
1773475200,70611.0,70611.0,70587.0,70593.0,1.4952309
1773475260,70606.0,70606.0,70606.0,70606.0,0.27703589
1773475320,70606.0,70636.0,70606.0,70627.0,0.51252176
1773475380,70628.0,70631.0,70627.0,70630.0,0.30618576
1773475440,70630.0,70630.0,70605.0,70622.0,0.51534207
1773475500,70629.0,70671.0,70629.0,70669.0,1.26172335
1773475560,70664.0,70664.0,70664.0,70664.0,1.401e-05
1773475620,70664.0,70685.0,70664.0,70685.0,0.28435036
1773475680,70682.0,70683.0,70682.0,70683.0,0.06610235
1773475740,70683.0,70685.0,70649.0,70649.0,0.63322609
1773475800,70640.0,70648.0,70639.0,70648.0,0.30593126
1773475860,70650.0,70661.0,70650.0,70661.0,0.00404029
1773475920,70661.0,70664.0,70661.0,70664.0,0.48024058
1773475980,70671.0,70683.0,70671.0,70683.0,0.3254572
1773476040,70683.0,70711.0,70683.0,70711.0,0.45872943
1773476100,70721.0,70721.0,70690.0,70690.0,0.63484993
1773476160,70685.0,70685.0,70672.0,70673.0,0.44208103
1773476220,70673.0,70686.0,70659.0,70659.0,0.81736287
1773476280,70658.0,70658.0,70634.0,70634.0,0.37009826
1773476340,70634.0,70634.0,70613.0,70620.0,0.65878891
1773476400,70629.0,70629.0,70629.0,70629.0,8.142e-05
1773476460,70628.0,70634.0,70628.0,70634.0,0.55090141
1773476520,70665.0,70679.0,70665.0,70679.0,0.05053856
1773476580,70679.0,70687.0,70679.0,70686.0,0.05922775
1773476640,70687.0,70691.0,70687.0,70690.0,0.11750628
1773476700,70690.0,70690.0,70682.0,70682.0,1.2174761
1773476760,70683.0,70683.0,70683.0,70683.0,0.018548
1773476820,70683.0,70689.0,70683.0,70688.0,0.26744392
1773476880,70688.0,70688.0,70679.0,70679.0,0.56339238
1773476940,70678.0,70698.0,70678.0,70684.0,0.43062266
1773477000,70687.0,70693.0,70686.0,70693.0,0.02737441
1773477060,70692.0,70692.0,70642.0,70662.0,0.92556875
1773477120,70662.0,70677.0,70662.0,70677.0,0.263184
1773477180,70677.0,70677.0,70661.0,70661.0,0.83989538
1773477240,70661.0,70691.0,70661.0,70691.0,0.70970475
1773477300,70690.0,70691.0,70683.0,70683.0,0.0677073
1773477360,70682.0,70682.0,70663.0,70663.0,0.98988773
1773477420,70663.0,70663.0,70621.0,70621.0,0.31495239
1773477480,70627.0,70627.0,70603.0,70612.0,0.71054653
1773477540,70626.0,70640.0,70626.0,70638.0,1.14
1773477600,70632.0,70632.0,70600.0,70600.0,1.34880719
1773477660,70599.0,70609.0,70599.0,70609.0,0.28267818
1773477720,70609.0,70610.0,70595.0,70595.0,0.8811139
1773477780,70593.0,70593.0,70587.0,70587.0,0.01781362
1773477840,70587.0,70587.0,70586.0,70586.0,0.1385152
1773477900,70581.0,70589.0,70580.0,70589.0,0.55884233
1773477960,70588.0,70603.0,70587.0,70603.0,0.36386519
1773478020,70602.0,70602.0,70585.0,70585.0,0.34835832
1773478080,70584.0,70585.0,70584.0,70585.0,0.00922768
1773478140,70585.0,70596.0,70574.0,70574.0,0.96705651
1773478200,70573.0,70574.0,70564.0,70564.0,0.17257605
1773478260,70556.0,70558.0,70556.0,70558.0,0.78663378
1773478320,70574.0,70574.0,70567.0,70568.0,0.02330169
1773478380,70567.0,70578.0,70567.0,70578.0,0.280981
1773478440,70586.0,70604.0,70586.0,70604.0,0.29567646
1773478500,70603.0,70603.0,70586.0,70586.0,1.98828144
1773478560,70582.0,70585.0,70582.0,70585.0,0.21465777
1773478620,70585.0,70585.0,70584.0,70584.0,0.02269718
1773478680,70585.0,70585.0,70585.0,70585.0,0.00037
1773478740,70585.0,70594.0,70585.0,70594.0,3.93002553
1773478800,70603.0,70603.0,70584.0,70597.0,1.00351276
1773478860,70611.0,70612.0,70611.0,70611.0,1.29198631
1773478920,70612.0,70625.0,70612.0,70625.0,0.53130978
1773478980,70637.0,70651.0,70637.0,70651.0,0.3339302
1773479040,70673.0,70691.0,70673.0,70691.0,0.00035074
1773479100,70691.0,70715.0,70691.0,70708.0,0.22540147
1773479160,70703.0,70703.0,70686.0,70687.0,3.30932581
1773479220,70687.0,70694.0,70687.0,70694.0,0.4064539
1773479280,70694.0,70696.0,70694.0,70696.0,0.111
1773479340,70697.0,70697.0,70697.0,70697.0,0.00780146
1773479400,70709.0,70709.0,70690.0,70690.0,0.86888708
1773479460,70692.0,70696.0,70688.0,70696.0,0.31066936
1773479520,70695.0,70695.0,70680.0,70680.0,1.04531228
1773479580,70678.0,70682.0,70678.0,70682.0,0.141288
1773479640,70682.0,70709.0,70682.0,70709.0,1.29044599
1773479700,70709.0,70709.0,70693.0,70693.0,0.59953823
1773479760,70685.0,70685.0,70678.0,70678.0,0.52673576
1773479820,70659.0,70667.0,70658.0,70667.0,0.71548513
1773479880,70667.0,70667.0,70660.0,70660.0,0.26809556
1773479940,70661.0,70742.0,70644.0,70700.0,3.03073645
1773480000,70713.0,70714.0,70688.0,70688.0,1.96111362
1773480060,70683.0,70683.0,70682.0,70682.0,0.16335185
1773480120,70676.0,70676.0,70669.0,70669.0,0.21015885
1773480180,70669.0,70672.0,70669.0,70672.0,0.46211301
1773480240,70672.0,70721.0,70669.0,70718.0,1.56067471
1773480300,70718.0,70718.0,70715.0,70715.0,0.28689016
1773480360,70718.0,70718.0,70706.0,70706.0,0.59517246
1773480420,70706.0,70707.0,70706.0,70707.0,1.64104774
1773480480,70700.0,70700.0,70680.0,70681.0,0.01421411
1773480540,70681.0,70699.0,70679.0,70699.0,0.86590583
1773480600,70707.0,70707.0,70694.0,70694.0,1.02365704
1773480660,70693.0,70693.0,70691.0,70691.0,0.06148561
1773480720,70692.0,70692.0,70579.0,70598.0,1.96963905
1773480780,70598.0,70598.0,70596.0,70596.0,0.15231645
1773480840,70597.0,70598.0,70595.0,70596.0,0.11153927
1773480900,70595.0,70607.0,70580.0,70580.0,1.09065529
1773480960,70595.0,70609.0,70595.0,70608.0,0.30154403
1773481020,70611.0,70631.0,70611.0,70630.0,1.61268689
1773481080,70630.0,70630.0,70630.0,70630.0,0.0
1773481140,70636.0,70636.0,70588.0,70624.0,3.64532559
1773481200,70622.0,70623.0,70621.0,70621.0,0.00620699
1773481260,70620.0,70620.0,70620.0,70620.0,0.000209
1773481320,70620.0,70621.0,70612.0,70617.0,1.55403398
1773481380,70617.0,70617.0,70617.0,70617.0,0.01599
1773481440,70617.0,70629.0,70617.0,70629.0,0.79912029
1773481500,70629.0,70629.0,70611.0,70611.0,0.39941308
1773481560,70601.0,70601.0,70597.0,70597.0,0.35518634
1773481620,70590.0,70590.0,70511.0,70511.0,2.06582752
1773481680,70511.0,70511.0,70425.0,70425.0,3.11493869
1773481740,70431.0,70468.0,70431.0,70465.0,1.67782852
1773481800,70469.0,70487.0,70469.0,70486.0,0.54728944
1773481860,70487.0,70607.0,70487.0,70582.0,3.80387836
1773481920,70581.0,70581.0,70558.0,70558.0,0.64816539
1773481980,70558.0,70559.0,70543.0,70543.0,1.28738065
1773482040,70540.0,70540.0,70531.0,70531.0,0.08425006
1773482100,70531.0,70541.0,70531.0,70541.0,0.68966426
1773482160,70544.0,70563.0,70544.0,70563.0,0.281461
1773482220,70562.0,70562.0,70550.0,70550.0,0.61091038
1773482280,70544.0,70550.0,70544.0,70547.0,0.22396044
1773482340,70543.0,70543.0,70542.0,70542.0,0.15536248
1773482400,70525.0,70542.0,70514.0,70514.0,0.6783998
1773482460,70511.0,70541.0,70511.0,70541.0,0.51730851
1773482520,70525.0,70525.0,70525.0,70525.0,0.017746
1773482580,70525.0,70525.0,70525.0,70525.0,0.252254
1773482640,70531.0,70544.0,70531.0,70544.0,0.81519275
1773482700,70541.0,70555.0,70541.0,70554.0,0.27934622
1773482760,70555.0,70555.0,70554.0,70554.0,0.02998861
1773482820,70555.0,70568.0,70555.0,70568.0,0.1251396
1773482880,70567.0,70567.0,70536.0,70537.0,0.52334006
1773482940,70537.0,70539.0,70537.0,70539.0,0.02910564
1773483000,70543.0,70545.0,70543.0,70545.0,0.28177112
1773483060,70560.0,70567.0,70560.0,70567.0,0.72410024
1773483120,70567.0,70567.0,70543.0,70547.0,1.09491874
1773483180,70525.0,70525.0,70490.0,70508.0,0.578106
1773483240,70518.0,70536.0,70518.0,70536.0,0.08038949
1773483300,70544.0,70544.0,70532.0,70532.0,0.32552497
1773483360,70525.0,70525.0,70467.0,70467.0,0.56614519
1773483420,70472.0,70490.0,70472.0,70490.0,0.35126297
1773483480,70489.0,70489.0,70477.0,70477.0,0.678854
1773483540,70477.0,70490.0,70477.0,70484.0,0.41922357
1773483600,70488.0,70488.0,70471.0,70471.0,0.28645843
1773483660,70473.0,70474.0,70472.0,70474.0,0.334968
1773483720,70481.0,70496.0,70481.0,70496.0,0.29209228
1773483780,70501.0,70505.0,70496.0,70496.0,2.83372038
1773483840,70497.0,70497.0,70484.0,70485.0,0.44944761
1773483900,70484.0,70484.0,70469.0,70469.0,0.12648643
1773483960,70468.0,70468.0,70468.0,70468.0,0.0086095
1773484020,70468.0,70477.0,70468.0,70477.0,0.00813582
1773484080,70477.0,70477.0,70454.0,70455.0,0.05237278
1773484140,70454.0,70470.0,70435.0,70470.0,0.80897212
1773484200,70483.0,70483.0,70459.0,70459.0,0.54576923
1773484260,70463.0,70470.0,70463.0,70470.0,0.4565082
1773484320,70464.0,70465.0,70453.0,70453.0,0.58651701
1773484380,70440.0,70440.0,70403.0,70411.0,2.39542577
1773484440,70421.0,70473.0,70414.0,70473.0,1.07782178
1773484500,70485.0,70485.0,70453.0,70454.0,1.14375108
1773484560,70453.0,70460.0,70453.0,70460.0,0.5539978
1773484620,70465.0,70498.0,70462.0,70462.0,1.6733037
1773484680,70454.0,70464.0,70450.0,70450.0,0.93501468
1773484740,70450.0,70466.0,70450.0,70466.0,0.03136779
1773484800,70492.0,70501.0,70492.0,70501.0,0.02141038
1773484860,70510.0,70544.0,70510.0,70539.0,0.55373524
1773484920,70537.0,70537.0,70529.0,70529.0,0.15165
1773484980,70532.0,70558.0,70532.0,70549.0,0.37560941
1773485040,70548.0,70553.0,70516.0,70518.0,1.2828444
1773485100,70523.0,70545.0,70523.0,70535.0,0.95777072
1773485160,70535.0,70535.0,70535.0,70535.0,0.01122901
1773485220,70535.0,70535.0,70535.0,70535.0,0.30108041
1773485280,70535.0,70535.0,70535.0,70535.0,0.28477075
1773485340,70535.0,70535.0,70534.0,70535.0,0.00671302
1773485400,70535.0,70547.0,70535.0,70547.0,0.36764226
1773485460,70551.0,70551.0,70546.0,70548.0,0.08128289
1773485520,70548.0,70561.0,70548.0,70561.0,0.11175187
1773485580,70561.0,70565.0,70561.0,70565.0,0.13441279
1773485640,70565.0,70571.0,70565.0,70571.0,0.86267842
1773485700,70572.0,70583.0,70571.0,70580.0,2.62406906
1773485760,70580.0,70580.0,70575.0,70575.0,0.36346838
1773485820,70571.0,70571.0,70571.0,70571.0,0.00017709
1773485880,70571.0,70572.0,70571.0,70572.0,0.07305749
1773485940,70572.0,70582.0,70564.0,70582.0,1.9094327
1773486000,70585.0,70612.0,70585.0,70591.0,1.0188596
1773486060,70583.0,70585.0,70583.0,70585.0,1.29243984
1773486120,70585.0,70610.0,70585.0,70610.0,0.01177632
1773486180,70617.0,70625.0,70616.0,70625.0,0.93845552
1773486240,70626.0,70669.0,70626.0,70659.0,3.24649125
1773486300,70669.0,70671.0,70669.0,70671.0,0.01653546
1773486360,70670.0,70674.0,70670.0,70674.0,0.10132551
1773486420,70676.0,70679.0,70676.0,70679.0,0.00974744
1773486480,70678.0,70691.0,70678.0,70690.0,7.80366286
1773486540,70690.0,70690.0,70672.0,70688.0,0.22875766
1773486600,70688.0,70688.0,70687.0,70687.0,0.009308
1773486660,70688.0,70688.0,70680.0,70680.0,0.28537564
1773486720,70680.0,70680.0,70666.0,70666.0,0.72214873
1773486780,70665.0,70666.0,70665.0,70666.0,0.21689778
1773486840,70658.0,70675.0,70658.0,70675.0,0.66762192
1773486900,70675.0,70687.0,70674.0,70687.0,0.54264836
1773486960,70691.0,70691.0,70691.0,70691.0,0.20437912
1773487020,70691.0,70691.0,70691.0,70691.0,0.00280536
1773487080,70690.0,70691.0,70690.0,70690.0,0.01501566
1773487140,70690.0,70690.0,70687.0,70690.0,0.83026589
1773487200,70681.0,70691.0,70681.0,70691.0,0.37918716
1773487260,70690.0,70691.0,70681.0,70681.0,0.94762049
1773487320,70680.0,70681.0,70680.0,70680.0,0.06099695
1773487380,70672.0,70672.0,70672.0,70672.0,0.00084987
1773487440,70672.0,70672.0,70672.0,70672.0,0.07553626
1773487500,70672.0,70672.0,70672.0,70672.0,0.24551604
1773487560,70683.0,70700.0,70683.0,70700.0,14.30986412
1773487620,70700.0,70710.0,70700.0,70708.0,0.77209713
1773487680,70709.0,70712.0,70709.0,70712.0,0.524036
1773487740,70717.0,70717.0,70689.0,70689.0,0.70220044
1773487800,70680.0,70680.0,70645.0,70652.0,1.87204281
1773487860,70652.0,70652.0,70646.0,70646.0,0.00404504
1773487920,70641.0,70654.0,70640.0,70654.0,0.28879969
1773487980,70655.0,70665.0,70655.0,70664.0,0.43786706
1773488040,70662.0,70690.0,70662.0,70690.0,0.83228734
1773488100,70691.0,70691.0,70690.0,70690.0,0.24932453
1773488160,70693.0,70709.0,70693.0,70707.0,0.9885753
1773488220,70695.0,70695.0,70695.0,70695.0,0.003587
1773488280,70697.0,70705.0,70697.0,70705.0,0.43576245
1773488340,70705.0,70713.0,70705.0,70713.0,0.01253786
1773488400,70713.0,70713.0,70710.0,70711.0,0.53240531
1773488460,70710.0,70711.0,70706.0,70708.0,0.66149673
1773488520,70707.0,70708.0,70707.0,70708.0,0.17425642
1773488580,70711.0,70738.0,70711.0,70738.0,3.91229029
1773488640,70734.0,70734.0,70711.0,70711.0,2.25434575
1773488700,70716.0,70721.0,70716.0,70719.0,0.56460949
1773488760,70720.0,70720.0,70720.0,70720.0,0.27731828
1773488820,70728.0,70750.0,70728.0,70750.0,0.60166587
1773488880,70744.0,70744.0,70733.0,70733.0,0.00422012
1773488940,70735.0,70739.0,70735.0,70739.0,0.30605781
1773489000,70739.0,70739.0,70738.0,70738.0,0.0497127
1773489060,70739.0,70784.0,70739.0,70782.0,2.34243929
1773489120,70766.0,70766.0,70766.0,70766.0,0.000218
1773489180,70767.0,70771.0,70766.0,70770.0,0.01898179
1773489240,70771.0,70771.0,70755.0,70755.0,0.33325259
1773489300,70754.0,70754.0,70713.0,70713.0,0.65839099
1773489360,70713.0,70714.0,70713.0,70714.0,2.29364349
1773489420,70713.0,70714.0,70713.0,70713.0,0.03290579
1773489480,70713.0,70716.0,70713.0,70716.0,0.27793512
1773489540,70722.0,70748.0,70722.0,70748.0,0.3509995
1773489600,70759.0,70770.0,70759.0,70770.0,1.08561544
1773489660,70779.0,70796.0,70778.0,70796.0,1.38158188
1773489720,70801.0,70844.0,70801.0,70840.0,3.79983716
1773489780,70830.0,70848.0,70829.0,70829.0,2.74996331
1773489840,70816.0,70816.0,70803.0,70803.0,0.12574219
1773489900,70791.0,70806.0,70791.0,70800.0,0.28770263
1773489960,70799.0,70799.0,70787.0,70787.0,0.72266789
1773490020,70787.0,70787.0,70786.0,70787.0,0.18739773
1773490080,70787.0,70787.0,70786.0,70787.0,0.00901837
1773490140,70786.0,70786.0,70778.0,70778.0,1.0978616
1773490200,70749.0,70749.0,70743.0,70748.0,1.22019259
1773490260,70748.0,70748.0,70717.0,70733.0,0.69046093
1773490320,70736.0,70752.0,70736.0,70752.0,0.48609236
1773490380,70753.0,70753.0,70725.0,70725.0,0.61834976
1773490440,70725.0,70744.0,70725.0,70744.0,1.22972839
1773490500,70760.0,70760.0,70742.0,70743.0,0.27332719
1773490560,70742.0,70742.0,70737.0,70741.0,0.60410678
1773490620,70741.0,70741.0,70729.0,70729.0,0.3548842
1773490680,70731.0,70731.0,70731.0,70731.0,0.00186519
1773490740,70736.0,70744.0,70736.0,70744.0,0.00257373
1773490800,70743.0,70748.0,70743.0,70748.0,0.00443588
1773490860,70756.0,70756.0,70752.0,70752.0,0.00879741
1773490920,70753.0,70760.0,70752.0,70760.0,0.01950515
1773490980,70760.0,70777.0,70759.0,70776.0,0.65962895
1773491040,70776.0,70777.0,70776.0,70776.0,0.02176961
1773491100,70776.0,70777.0,70776.0,70777.0,0.01566158
1773491160,70776.0,70777.0,70763.0,70763.0,0.0910806
1773491220,70764.0,70764.0,70752.0,70752.0,0.25720068
1773491280,70753.0,70753.0,70727.0,70727.0,0.32689103
1773491340,70725.0,70726.0,70725.0,70726.0,0.97628223
1773491400,70726.0,70736.0,70726.0,70736.0,0.02388526
1773491460,70739.0,70754.0,70739.0,70754.0,0.37009126
1773491520,70753.0,70753.0,70729.0,70729.0,0.28113554
1773491580,70727.0,70727.0,70708.0,70709.0,0.25416145
1773491640,70708.0,70727.0,70690.0,70727.0,2.84268336
1773491700,70726.0,70726.0,70667.0,70667.0,0.68195514
1773491760,70678.0,70678.0,70618.0,70640.0,3.90444083
1773491820,70634.0,70643.0,70634.0,70642.0,0.64289237
1773491880,70646.0,70646.0,70646.0,70646.0,0.09933191
1773491940,70645.0,70646.0,70645.0,70645.0,0.08342442
1773492000,70646.0,70667.0,70646.0,70667.0,0.79230251
1773492060,70666.0,70666.0,70642.0,70642.0,0.17453118
1773492120,70642.0,70645.0,70642.0,70645.0,0.30416097
1773492180,70645.0,70669.0,70645.0,70669.0,0.55996357
1773492240,70681.0,70682.0,70660.0,70660.0,1.84820442
1773492300,70651.0,70697.0,70651.0,70697.0,0.48167834
1773492360,70712.0,70712.0,70712.0,70712.0,0.16807858
1773492420,70711.0,70720.0,70711.0,70720.0,2.42742186
1773492480,70722.0,70742.0,70722.0,70742.0,0.00195349
1773492540,70742.0,70742.0,70741.0,70742.0,0.38593989
1773492600,70741.0,70748.0,70741.0,70748.0,0.00653668
1773492660,70748.0,70748.0,70738.0,70738.0,0.86404982
1773492720,70734.0,70734.0,70691.0,70692.0,1.38642245
1773492780,70691.0,70762.0,70691.0,70762.0,1.3911162
1773492840,70766.0,70766.0,70766.0,70766.0,0.27
1773492900,70763.0,70770.0,70763.0,70769.0,0.03762574
1773492960,70768.0,70768.0,70750.0,70750.0,0.42672646
1773493020,70743.0,70743.0,70743.0,70743.0,0.05062539
1773493080,70742.0,70742.0,70719.0,70719.0,0.26980794
1773493140,70730.0,70767.0,70730.0,70767.0,1.59261171
1773493200,70786.0,70786.0,70749.0,70749.0,0.28715148
1773493260,70748.0,70760.0,70748.0,70760.0,0.39154497
1773493320,70761.0,70791.0,70761.0,70782.0,0.88322133
1773493380,70769.0,70770.0,70769.0,70770.0,0.70940608
1773493440,70761.0,70781.0,70753.0,70781.0,1.20633733
1773493500,70765.0,70765.0,70764.0,70764.0,0.00557065
1773493560,70764.0,70772.0,70741.0,70772.0,1.0338964
1773493620,70771.0,70772.0,70765.0,70768.0,1.48070108
1773493680,70770.0,70770.0,70769.0,70770.0,0.25982057
1773493740,70770.0,70797.0,70769.0,70790.0,1.95864794
1773493800,70782.0,70782.0,70769.0,70769.0,2.07728575
1773493860,70769.0,70769.0,70769.0,70769.0,0.0
1773493920,70770.0,70770.0,70769.0,70769.0,0.58759517
1773493980,70770.0,70770.0,70756.0,70756.0,0.13066102
1773494040,70756.0,70788.0,70756.0,70788.0,1.58135642
1773494100,70783.0,70821.0,70783.0,70818.0,0.44924263
1773494160,70820.0,70820.0,70820.0,70820.0,0.09908182
1773494220,70820.0,70830.0,70820.0,70825.0,1.31733287
1773494280,70825.0,70852.0,70825.0,70852.0,1.40139288
1773494340,70861.0,70912.0,70861.0,70912.0,5.6046517
1773494400,70918.0,70918.0,70900.0,70901.0,0.81305817
1773494460,70901.0,70920.0,70901.0,70916.0,0.12591482
1773494520,70914.0,70914.0,70902.0,70902.0,0.66639977
1773494580,70892.0,70915.0,70878.0,70915.0,5.15910769
1773494640,70920.0,70929.0,70920.0,70929.0,0.56785629
1773494700,70929.0,70929.0,70928.0,70928.0,0.2733519
1773494760,70921.0,70921.0,70907.0,70907.0,0.41384856
1773494820,70908.0,70908.0,70908.0,70908.0,0.00777825
1773494880,70923.0,70924.0,70922.0,70924.0,0.27065401
1773494940,70923.0,70927.0,70923.0,70927.0,0.01418976
1773495000,70929.0,70929.0,70917.0,70922.0,1.55820488
1773495060,70920.0,70920.0,70898.0,70898.0,0.16377824
1773495120,70898.0,70902.0,70898.0,70902.0,0.25362412
1773495180,70902.0,70902.0,70901.0,70902.0,0.06772185
1773495240,70901.0,70929.0,70900.0,70929.0,0.40994224
1773495300,70928.0,70928.0,70902.0,70902.0,0.7003492
1773495360,70895.0,70901.0,70888.0,70894.0,0.00687946
1773495420,70894.0,70894.0,70893.0,70893.0,0.00129767
1773495480,70894.0,70894.0,70888.0,70888.0,0.01194611
1773495540,70888.0,70901.0,70888.0,70895.0,1.05211826
1773495600,70889.0,70889.0,70888.0,70888.0,0.02256538
1773495660,70888.0,70888.0,70888.0,70888.0,0.0
1773495720,70888.0,70888.0,70887.0,70887.0,0.06461759
1773495780,70887.0,70887.0,70886.0,70887.0,0.79049503
1773495840,70887.0,70889.0,70887.0,70888.0,0.27735459
1773495900,70888.0,70888.0,70888.0,70888.0,0.0
1773495960,70884.0,70884.0,70871.0,70871.0,0.63388635
1773496020,70869.0,70869.0,70837.0,70837.0,0.28891356
1773496080,70848.0,70853.0,70819.0,70819.0,1.19327679
1773496140,70819.0,70848.0,70819.0,70847.0,0.61986889
1773496200,70847.0,70847.0,70833.0,70834.0,0.24398693
1773496260,70832.0,70837.0,70832.0,70837.0,0.26046752
1773496320,70836.0,70836.0,70821.0,70822.0,1.68759902
1773496380,70822.0,70839.0,70822.0,70830.0,0.00678842
1773496440,70830.0,70872.0,70830.0,70871.0,0.68585387
1773496500,70871.0,70879.0,70871.0,70879.0,0.23115634
1773496560,70878.0,70878.0,70872.0,70872.0,0.65807494
1773496620,70870.0,70874.0,70870.0,70874.0,0.09480653
1773496680,70874.0,70887.0,70874.0,70887.0,0.84291358
1773496740,70888.0,70924.0,70869.0,70874.0,3.38887462
1773496800,70866.0,70912.0,70866.0,70894.0,0.59962445
1773496860,70893.0,70893.0,70885.0,70885.0,0.04717962
1773496920,70885.0,70904.0,70885.0,70901.0,0.95838023
1773496980,70901.0,70919.0,70901.0,70918.0,1.33373458
1773497040,70917.0,70949.0,70917.0,70949.0,2.33223076
1773497100,70949.0,70949.0,70923.0,70927.0,0.10868629
1773497160,70931.0,70947.0,70931.0,70947.0,1.20341103
1773497220,70946.0,70947.0,70925.0,70925.0,0.74575946
1773497280,70924.0,70924.0,70889.0,70889.0,0.52076852
1773497340,70887.0,70887.0,70809.0,70809.0,1.04648665
1773497400,70795.0,70808.0,70779.0,70779.0,1.68003273
1773497460,70765.0,70800.0,70765.0,70800.0,0.90170685
1773497520,70800.0,70801.0,70800.0,70801.0,0.01317554
1773497580,70800.0,70800.0,70736.0,70737.0,1.70820356
1773497640,70745.0,70747.0,70737.0,70747.0,0.3015305
1773497700,70747.0,70765.0,70729.0,70729.0,0.80763011
1773497760,70728.0,70776.0,70712.0,70776.0,2.4138003
1773497820,70776.0,70783.0,70765.0,70765.0,0.66587245
1773497880,70766.0,70771.0,70766.0,70771.0,0.08595633
1773497940,70771.0,70775.0,70771.0,70771.0,0.51983303
1773498000,70774.0,70796.0,70774.0,70792.0,0.18292562
1773498060,70792.0,70792.0,70780.0,70780.0,0.28037727
1773498120,70780.0,70789.0,70780.0,70789.0,0.52291017
1773498180,70796.0,70799.0,70796.0,70799.0,0.00307854
1773498240,70800.0,70820.0,70797.0,70797.0,1.50019867
1773498300,70797.0,70797.0,70795.0,70795.0,0.09530297
1773498360,70795.0,70804.0,70795.0,70799.0,0.35479474
1773498420,70799.0,70802.0,70799.0,70802.0,0.29083218
1773498480,70802.0,70820.0,70802.0,70820.0,0.93096315
1773498540,70820.0,70823.0,70820.0,70823.0,0.32692258
1773498600,70831.0,70849.0,70831.0,70840.0,0.47595309
1773498660,70838.0,70838.0,70823.0,70823.0,0.61482295
1773498720,70816.0,70816.0,70752.0,70752.0,0.10796085
1773498780,70753.0,70772.0,70753.0,70772.0,0.59639467
1773498840,70773.0,70785.0,70773.0,70785.0,0.00516009
1773498900,70796.0,70797.0,70770.0,70770.0,0.8642091
1773498960,70760.0,70760.0,70749.0,70756.0,1.23816589
1773499020,70763.0,70763.0,70755.0,70760.0,0.17513347
1773499080,70760.0,70763.0,70760.0,70763.0,0.38692652
1773499140,70759.0,70759.0,70741.0,70741.0,2.18567423
1773499200,70745.0,70745.0,70745.0,70745.0,0.33702013
1773499260,70744.0,70744.0,70724.0,70725.0,1.08432273
1773499320,70724.0,70724.0,70686.0,70686.0,2.2896138
1773499380,70701.0,70704.0,70685.0,70704.0,5.97957712
1773499440,70703.0,70703.0,70606.0,70614.0,10.05467426
1773499500,70614.0,70637.0,70614.0,70637.0,0.59523244
1773499560,70637.0,70658.0,70637.0,70658.0,1.28391935
1773499620,70659.0,70674.0,70659.0,70659.0,0.93989467
1773499680,70660.0,70660.0,70660.0,70660.0,0.01776771
1773499740,70660.0,70667.0,70660.0,70667.0,0.35073195
1773499800,70666.0,70666.0,70666.0,70666.0,0.36375566
1773499860,70671.0,70676.0,70671.0,70676.0,0.00560106
1773499920,70671.0,70672.0,70667.0,70667.0,0.09095274
1773499980,70663.0,70670.0,70663.0,70670.0,0.00968018
1773500040,70670.0,70680.0,70670.0,70679.0,0.35663435
1773500100,70680.0,70680.0,70680.0,70680.0,0.00970748
1773500160,70680.0,70680.0,70679.0,70679.0,0.00942863
1773500220,70675.0,70675.0,70637.0,70637.0,1.00450416
1773500280,70642.0,70642.0,70630.0,70630.0,0.00586252
1773500340,70608.0,70608.0,70598.0,70606.0,0.81993822
1773500400,70613.0,70615.0,70599.0,70599.0,0.63101269
1773500460,70598.0,70598.0,70590.0,70590.0,22.92284029
1773500520,70598.0,70674.0,70598.0,70672.0,3.96904607
1773500580,70706.0,70741.0,70701.0,70701.0,3.32915652
1773500640,70701.0,70701.0,70670.0,70677.0,1.00714055
1773500700,70668.0,70668.0,70650.0,70650.0,0.90188619
1773500760,70651.0,70651.0,70650.0,70651.0,0.00620447
1773500820,70658.0,70677.0,70658.0,70676.0,0.30929929
1773500880,70674.0,70677.0,70673.0,70677.0,0.44400033
1773500940,70677.0,70683.0,70676.0,70682.0,0.43485261
1773501000,70682.0,70682.0,70664.0,70671.0,0.82272614
1773501060,70676.0,70681.0,70672.0,70672.0,0.57024992
1773501120,70672.0,70674.0,70672.0,70674.0,0.12162903
1773501180,70673.0,70674.0,70673.0,70674.0,0.15337009
1773501240,70674.0,70674.0,70674.0,70674.0,0.0003
1773501300,70674.0,70680.0,70674.0,70680.0,0.5185996
1773501360,70692.0,70701.0,70671.0,70671.0,0.33926403
1773501420,70679.0,70679.0,70679.0,70679.0,0.00179545
1773501480,70684.0,70700.0,70684.0,70700.0,0.13359026
1773501540,70710.0,70730.0,70710.0,70730.0,0.0549005
1773501600,70719.0,70731.0,70719.0,70731.0,0.70666017
1773501660,70731.0,70734.0,70731.0,70733.0,0.0005295
1773501720,70733.0,70734.0,70733.0,70733.0,0.01134194
1773501780,70733.0,70733.0,70731.0,70731.0,0.1017388
1773501840,70731.0,70731.0,70692.0,70692.0,0.95809343
1773501900,70699.0,70705.0,70699.0,70701.0,0.42858009
1773501960,70697.0,70710.0,70697.0,70710.0,0.14842481
1773502020,70711.0,70717.0,70711.0,70717.0,0.34589032
1773502080,70721.0,70721.0,70704.0,70704.0,0.43957256
1773502140,70698.0,70698.0,70648.0,70695.0,4.67204274
1773502200,70695.0,70695.0,70619.0,70628.0,3.05010783
1773502260,70630.0,70630.0,70603.0,70603.0,0.09463959
1773502320,70596.0,70596.0,70517.0,70540.0,6.44312773
1773502380,70541.0,70571.0,70541.0,70571.0,0.12192575
1773502440,70579.0,70588.0,70554.0,70587.0,1.5211032
1773502500,70587.0,70595.0,70548.0,70548.0,1.07375471
1773502560,70543.0,70563.0,70543.0,70562.0,2.90409149
1773502620,70562.0,70600.0,70562.0,70599.0,0.0688964
1773502680,70600.0,70606.0,70600.0,70601.0,0.42306625
1773502740,70603.0,70603.0,70577.0,70577.0,0.3861246
1773502800,70570.0,70570.0,70570.0,70570.0,0.7373642
1773502860,70572.0,70572.0,70553.0,70557.0,1.36436226
1773502920,70557.0,70557.0,70557.0,70557.0,0.0
1773502980,70557.0,70558.0,70557.0,70558.0,0.00138961
1773503040,70560.0,70562.0,70560.0,70561.0,0.44675976
1773503100,70558.0,70582.0,70558.0,70566.0,0.28630187
1773503160,70566.0,70571.0,70562.0,70570.0,1.26129115
1773503220,70561.0,70561.0,70553.0,70553.0,0.48625683
1773503280,70546.0,70546.0,70545.0,70545.0,0.00032248
1773503340,70545.0,70559.0,70545.0,70554.0,0.29014341
1773503400,70554.0,70577.0,70554.0,70571.0,1.42926834
1773503460,70571.0,70596.0,70571.0,70596.0,0.5205005
1773503520,70606.0,70615.0,70606.0,70611.0,0.73316791
1773503580,70611.0,70614.0,70604.0,70611.0,0.69362833
1773503640,70611.0,70611.0,70607.0,70608.0,0.09181216
1773503700,70608.0,70608.0,70608.0,70608.0,0.05465101
1773503760,70608.0,70614.0,70608.0,70614.0,1.25678093
1773503820,70610.0,70611.0,70610.0,70611.0,0.00152456
1773503880,70610.0,70610.0,70607.0,70607.0,0.72939617
1773503940,70607.0,70609.0,70606.0,70609.0,0.24305544
1773504000,70607.0,70607.0,70583.0,70584.0,0.57650481
1773504060,70587.0,70587.0,70585.0,70585.0,1.34449167
1773504120,70571.0,70571.0,70571.0,70571.0,0.00337731
1773504180,70571.0,70571.0,70546.0,70546.0,0.90986835
1773504240,70547.0,70555.0,70521.0,70555.0,0.54006956
1773504300,70554.0,70554.0,70518.0,70525.0,1.53928633
1773504360,70515.0,70520.0,70515.0,70519.0,0.57990105
1773504420,70520.0,70544.0,70520.0,70544.0,0.64690988
1773504480,70546.0,70612.0,70546.0,70612.0,0.45235681
1773504540,70618.0,70641.0,70618.0,70638.0,0.69340477
1773504600,70646.0,70656.0,70646.0,70656.0,1.12681294
1773504660,70653.0,70653.0,70634.0,70634.0,1.72526413
1773504720,70635.0,70635.0,70627.0,70627.0,0.38469016
1773504780,70626.0,70626.0,70605.0,70605.0,0.00424979
1773504840,70601.0,70601.0,70601.0,70601.0,0.00608562
1773504900,70598.0,70598.0,70598.0,70598.0,0.26813843
1773504960,70598.0,70606.0,70598.0,70606.0,0.32159268
1773505020,70624.0,70628.0,70624.0,70628.0,0.73821978
1773505080,70627.0,70643.0,70619.0,70642.0,0.86327382
1773505140,70643.0,70644.0,70643.0,70643.0,0.52136849
1773505200,70632.0,70632.0,70621.0,70621.0,0.32431345
1773505260,70617.0,70628.0,70617.0,70628.0,0.27176338
1773505320,70628.0,70636.0,70628.0,70636.0,0.28245913
1773505380,70636.0,70636.0,70634.0,70634.0,0.87654421
1773505440,70635.0,70636.0,70635.0,70636.0,0.03612263
1773505500,70636.0,70636.0,70636.0,70636.0,0.04696995
1773505560,70649.0,70662.0,70649.0,70662.0,1.85702428
1773505620,70662.0,70662.0,70661.0,70661.0,0.08205833
1773505680,70662.0,70670.0,70662.0,70670.0,0.13650328
1773505740,70670.0,70670.0,70669.0,70670.0,0.00604352
1773505800,70670.0,70670.0,70669.0,70670.0,0.02442208
1773505860,70670.0,70673.0,70670.0,70672.0,0.70106267
1773505920,70673.0,70673.0,70673.0,70673.0,0.00078041
1773505980,70673.0,70673.0,70673.0,70673.0,0.01557007
1773506040,70676.0,70692.0,70676.0,70689.0,0.11757496
1773506100,70688.0,70698.0,70688.0,70698.0,0.04698724
1773506160,70698.0,70698.0,70687.0,70687.0,0.10290544
1773506220,70687.0,70705.0,70687.0,70705.0,0.0472768
1773506280,70694.0,70694.0,70679.0,70679.0,1.006217
1773506340,70679.0,70679.0,70671.0,70671.0,0.57799724
1773506400,70659.0,70659.0,70645.0,70649.0,0.46678777
1773506460,70649.0,70676.0,70649.0,70676.0,0.36597113
1773506520,70675.0,70676.0,70649.0,70654.0,0.71387837
1773506580,70654.0,70667.0,70654.0,70667.0,0.59124743
1773506640,70666.0,70667.0,70666.0,70666.0,0.40936822
1773506700,70666.0,70666.0,70635.0,70643.0,0.47196633
1773506760,70643.0,70644.0,70639.0,70639.0,0.49659181
1773506820,70624.0,70625.0,70609.0,70611.0,0.48877948
1773506880,70611.0,70675.0,70611.0,70675.0,2.23654673
1773506940,70678.0,70679.0,70677.0,70677.0,0.14257492
1773507000,70677.0,70695.0,70677.0,70695.0,0.4625118
1773507060,70697.0,70707.0,70697.0,70707.0,0.83875687
1773507120,70707.0,70707.0,70679.0,70681.0,0.83496869
1773507180,70681.0,70692.0,70681.0,70691.0,0.61700028
1773507240,70691.0,70716.0,70691.0,70716.0,0.49013303
1773507300,70716.0,70717.0,70706.0,70706.0,0.70975495
1773507360,70706.0,70707.0,70699.0,70699.0,0.38487798
1773507420,70699.0,70699.0,70698.0,70698.0,0.22830228
1773507480,70698.0,70698.0,70685.0,70685.0,0.30623949
1773507540,70686.0,70693.0,70685.0,70692.0,0.48231007
1773507600,70688.0,70688.0,70675.0,70675.0,0.4993535
1773507660,70675.0,70677.0,70675.0,70677.0,0.32269772
1773507720,70676.0,70683.0,70676.0,70683.0,2.22664976
1773507780,70684.0,70684.0,70679.0,70679.0,0.30685857
1773507840,70679.0,70679.0,70653.0,70660.0,0.47225186
1773507900,70660.0,70664.0,70660.0,70664.0,0.15751539
1773507960,70663.0,70674.0,70659.0,70659.0,0.67534669
1773508020,70659.0,70670.0,70659.0,70668.0,1.64520722
1773508080,70667.0,70667.0,70662.0,70662.0,0.33601713
1773508140,70662.0,70679.0,70662.0,70678.0,1.4368516
1773508200,70678.0,70689.0,70678.0,70686.0,0.80637732
1773508260,70688.0,70689.0,70682.0,70682.0,0.50815038
1773508320,70682.0,70682.0,70678.0,70678.0,0.43506491
1773508380,70678.0,70692.0,70678.0,70692.0,0.51866084
1773508440,70692.0,70693.0,70692.0,70693.0,0.79075904
1773508500,70704.0,70718.0,70704.0,70717.0,0.58494128
1773508560,70717.0,70722.0,70717.0,70722.0,0.48180802
1773508620,70722.0,70722.0,70701.0,70701.0,0.64602533
1773508680,70701.0,70702.0,70689.0,70689.0,0.30343731
1773508740,70689.0,70696.0,70688.0,70695.0,1.06703408
1773508800,70695.0,70705.0,70695.0,70704.0,0.41105293
1773508860,70704.0,70705.0,70704.0,70705.0,0.34630438
1773508920,70705.0,70706.0,70705.0,70705.0,0.31953858
1773508980,70695.0,70696.0,70695.0,70695.0,0.19070213
1773509040,70696.0,70696.0,70695.0,70696.0,0.47250094
1773509100,70702.0,70727.0,70702.0,70727.0,0.77955795
1773509160,70728.0,70742.0,70727.0,70737.0,0.22655918
1773509220,70737.0,70737.0,70716.0,70716.0,0.68764538
1773509280,70716.0,70720.0,70714.0,70720.0,0.37845725
1773509340,70719.0,70745.0,70719.0,70745.0,0.9067843
1773509400,70745.0,70746.0,70742.0,70742.0,0.28771053
1773509460,70742.0,70742.0,70709.0,70709.0,0.74033432
1773509520,70709.0,70710.0,70705.0,70706.0,1.16711941
1773509580,70706.0,70707.0,70697.0,70697.0,0.20426042
1773509640,70697.0,70697.0,70655.0,70655.0,0.36239071
1773509700,70655.0,70666.0,70655.0,70657.0,0.65823435
1773509760,70655.0,70655.0,70654.0,70654.0,0.28615879
1773509820,70654.0,70657.0,70654.0,70657.0,0.29424826
1773509880,70658.0,70658.0,70657.0,70658.0,0.63954178
1773509940,70658.0,70659.0,70658.0,70658.0,0.22228448
1773510000,70658.0,70659.0,70658.0,70659.0,0.57452045
1773510060,70659.0,70664.0,70656.0,70656.0,0.46224554
1773510120,70656.0,70656.0,70651.0,70651.0,0.31710829
1773510180,70651.0,70656.0,70651.0,70655.0,1.01668505
1773510240,70655.0,70671.0,70654.0,70671.0,0.82461707
1773510300,70674.0,70676.0,70668.0,70668.0,0.47551606
1773510360,70668.0,70668.0,70667.0,70667.0,0.33927933
1773510420,70667.0,70674.0,70667.0,70674.0,0.18392531
1773510480,70673.0,70674.0,70671.0,70671.0,1.16145204
1773510540,70671.0,70672.0,70671.0,70671.0,0.31807855
1773510600,70666.0,70666.0,70619.0,70620.0,0.73622122
1773510660,70619.0,70619.0,70610.0,70610.0,0.27741235
1773510720,70610.0,70611.0,70610.0,70610.0,0.23659873
1773510780,70610.0,70615.0,70602.0,70602.0,0.53579489
1773510840,70602.0,70602.0,70599.0,70601.0,0.63544686
1773510900,70601.0,70602.0,70601.0,70601.0,0.25289169
1773510960,70612.0,70618.0,70611.0,70618.0,0.38561098
1773511020,70617.0,70622.0,70617.0,70617.0,0.47863915
1773511080,70618.0,70633.0,70618.0,70625.0,0.718021
1773511140,70625.0,70626.0,70623.0,70625.0,0.53575281
1773511200,70625.0,70625.0,70571.0,70571.0,0.7550489
1773511260,70571.0,70590.0,70571.0,70589.0,0.86330126
1773511320,70589.0,70606.0,70589.0,70602.0,0.89392417
1773511380,70602.0,70604.0,70602.0,70602.0,1.15445332
1773511440,70602.0,70603.0,70602.0,70602.0,0.26188281
1773511500,70602.0,70603.0,70589.0,70589.0,0.54570862
1773511560,70590.0,70590.0,70589.0,70589.0,0.51683681
1773511620,70589.0,70599.0,70583.0,70583.0,0.73635272
1773511680,70583.0,70592.0,70583.0,70591.0,0.86069496
1773511740,70591.0,70594.0,70591.0,70593.0,0.52680019
1773511800,70592.0,70602.0,70592.0,70601.0,0.38216092
1773511860,70602.0,70602.0,70601.0,70601.0,0.27031018
1773511920,70601.0,70602.0,70601.0,70602.0,0.30144511
1773511980,70602.0,70614.0,70602.0,70613.0,0.27109604
1773512040,70613.0,70614.0,70592.0,70592.0,0.81369053
1773512100,70581.0,70581.0,70570.0,70579.0,0.68110586
1773512160,70579.0,70583.0,70578.0,70582.0,1.70989576
1773512220,70582.0,70588.0,70582.0,70587.0,0.15695694
1773512280,70588.0,70602.0,70588.0,70601.0,0.24914959
1773512340,70601.0,70602.0,70601.0,70601.0,0.24454709
1773512400,70598.0,70598.0,70587.0,70587.0,0.51413872
1773512460,70587.0,70588.0,70587.0,70587.0,0.49993755
1773512520,70587.0,70588.0,70587.0,70587.0,0.25900518
1773512580,70588.0,70607.0,70588.0,70598.0,1.010772
1773512640,70596.0,70599.0,70596.0,70599.0,0.34931478
1773512700,70599.0,70600.0,70599.0,70599.0,0.28956142
1773512760,70599.0,70606.0,70599.0,70606.0,0.54836814
1773512820,70605.0,70626.0,70605.0,70623.0,0.69073293
1773512880,70623.0,70628.0,70623.0,70627.0,0.27787731
1773512940,70628.0,70631.0,70628.0,70629.0,0.55103643
1773513000,70629.0,70630.0,70629.0,70629.0,0.23098484
1773513060,70629.0,70634.0,70629.0,70633.0,0.69466335
1773513120,70633.0,70644.0,70633.0,70644.0,0.21106076
1773513180,70644.0,70671.0,70644.0,70670.0,1.40761397
1773513240,70670.0,70671.0,70670.0,70671.0,0.55602396
1773513300,70671.0,70672.0,70656.0,70656.0,0.96456019
1773513360,70656.0,70656.0,70656.0,70656.0,0.31935015
1773513420,70656.0,70656.0,70650.0,70651.0,0.4891488
1773513480,70651.0,70651.0,70649.0,70649.0,0.7853115
1773513540,70649.0,70650.0,70647.0,70647.0,0.38350288
1773513600,70647.0,70647.0,70638.0,70639.0,0.29773501
1773513660,70639.0,70663.0,70639.0,70663.0,0.2212331
1773513720,70663.0,70676.0,70663.0,70675.0,0.56007555
1773513780,70675.0,70677.0,70675.0,70676.0,0.47599915
1773513840,70676.0,70676.0,70672.0,70672.0,0.42381363
1773513900,70671.0,70671.0,70646.0,70646.0,0.53830791
1773513960,70646.0,70647.0,70646.0,70646.0,0.73473851
1773514020,70646.0,70647.0,70646.0,70646.0,0.36796844
1773514080,70647.0,70661.0,70647.0,70660.0,0.46936018
1773514140,70660.0,70661.0,70660.0,70660.0,1.29038314
1773514200,70671.0,70672.0,70667.0,70667.0,0.2410803
1773514260,70667.0,70667.0,70667.0,70667.0,0.26674482
1773514320,70668.0,70668.0,70667.0,70667.0,0.41442872
1773514380,70667.0,70669.0,70667.0,70669.0,0.94379541
1773514440,70669.0,70681.0,70669.0,70681.0,0.42573302
1773514500,70681.0,70681.0,70681.0,70681.0,0.17478707
1773514560,70681.0,70684.0,70681.0,70683.0,0.5058775
1773514620,70683.0,70683.0,70683.0,70683.0,0.26980014
1773514680,70683.0,70715.0,70678.0,70705.0,1.54073135
1773514740,70705.0,70705.0,70684.0,70684.0,2.35568232
1773514800,70684.0,70685.0,70644.0,70644.0,0.87250768
1773514860,70644.0,70651.0,70632.0,70636.0,0.67505471
1773514920,70629.0,70629.0,70616.0,70624.0,1.19710959
1773514980,70624.0,70636.0,70621.0,70636.0,0.42357552
1773515040,70640.0,70644.0,70639.0,70644.0,0.77207183
1773515100,70644.0,70645.0,70644.0,70644.0,0.50987851
1773515160,70644.0,70660.0,70644.0,70659.0,0.42956646
1773515220,70659.0,70669.0,70659.0,70669.0,0.44009794
1773515280,70669.0,70678.0,70667.0,70667.0,0.79613843
1773515340,70667.0,70667.0,70661.0,70661.0,0.33047138
1773515400,70661.0,70663.0,70661.0,70662.0,0.26267962
1773515460,70662.0,70667.0,70659.0,70667.0,0.67614961
1773515520,70666.0,70667.0,70666.0,70666.0,0.25795704
1773515580,70666.0,70679.0,70666.0,70679.0,0.42319407
1773515640,70679.0,70698.0,70679.0,70697.0,0.23655742
1773515700,70697.0,70697.0,70687.0,70687.0,0.19913829
1773515760,70687.0,70699.0,70687.0,70699.0,0.30423873
1773515820,70699.0,70715.0,70699.0,70714.0,0.71919736
1773515880,70714.0,70714.0,70697.0,70697.0,0.76247436
1773515940,70697.0,70698.0,70697.0,70697.0,0.73991713
1773516000,70697.0,70697.0,70682.0,70682.0,0.24928018
1773516060,70682.0,70684.0,70682.0,70683.0,0.29285229
1773516120,70683.0,70684.0,70683.0,70683.0,0.16823814
1773516180,70684.0,70694.0,70683.0,70693.0,0.57444749
1773516240,70694.0,70704.0,70693.0,70703.0,1.3875978
1773516300,70703.0,70703.0,70686.0,70686.0,0.91215807
1773516360,70686.0,70687.0,70685.0,70685.0,0.32899048
1773516420,70685.0,70686.0,70683.0,70683.0,0.64875824
1773516480,70683.0,70683.0,70682.0,70682.0,0.18697394
1773516540,70682.0,70683.0,70682.0,70682.0,0.47126753
1773516600,70682.0,70683.0,70682.0,70682.0,0.2650686
1773516660,70682.0,70683.0,70678.0,70682.0,0.69751169
1773516720,70682.0,70683.0,70682.0,70683.0,0.36430059
1773516780,70682.0,70682.0,70681.0,70681.0,0.32748897
1773516840,70682.0,70682.0,70678.0,70678.0,0.6137202
1773516900,70678.0,70678.0,70657.0,70663.0,0.62265799
1773516960,70663.0,70669.0,70663.0,70668.0,0.74261916
1773517020,70668.0,70669.0,70668.0,70668.0,0.14484777
1773517080,70669.0,70672.0,70669.0,70670.0,0.45061196
1773517140,70674.0,70686.0,70674.0,70686.0,1.27801834
1773517200,70686.0,70687.0,70686.0,70686.0,0.5703841
1773517260,70686.0,70689.0,70686.0,70689.0,0.41217065
1773517320,70689.0,70715.0,70689.0,70715.0,0.51268642
1773517380,70714.0,70719.0,70714.0,70714.0,0.51713779
1773517440,70714.0,70728.0,70714.0,70720.0,0.42377741
1773517500,70724.0,70737.0,70723.0,70737.0,0.37026298
1773517560,70737.0,70737.0,70713.0,70713.0,0.94477426
1773517620,70713.0,70714.0,70713.0,70713.0,0.18858633
1773517680,70713.0,70735.0,70713.0,70735.0,0.97903983
1773517740,70735.0,70740.0,70734.0,70740.0,0.62067805
1773517800,70739.0,70739.0,70731.0,70731.0,0.72083514
1773517860,70731.0,70731.0,70730.0,70730.0,0.24833745
1773517920,70716.0,70717.0,70716.0,70716.0,0.23648246
1773517980,70716.0,70717.0,70716.0,70716.0,0.26599227
1773518040,70716.0,70717.0,70716.0,70716.0,0.41019369
1773518100,70716.0,70719.0,70716.0,70717.0,0.18067907
1773518160,70717.0,70717.0,70706.0,70706.0,0.32219956
1773518220,70706.0,70706.0,70701.0,70701.0,0.26127014
1773518280,70701.0,70702.0,70701.0,70702.0,0.30329744
1773518340,70702.0,70702.0,70702.0,70702.0,0.3415197
1773518400,70711.0,70711.0,70710.0,70711.0,0.33701889
1773518460,70711.0,70711.0,70710.0,70710.0,0.57038672
1773518520,70710.0,70711.0,70697.0,70697.0,0.41375993
1773518580,70697.0,70701.0,70697.0,70697.0,1.24127882
1773518640,70692.0,70692.0,70676.0,70677.0,1.17174045
1773518700,70667.0,70667.0,70657.0,70657.0,1.01266348
1773518760,70658.0,70665.0,70657.0,70663.0,0.60973399
1773518820,70663.0,70688.0,70662.0,70688.0,0.73610714
1773518880,70688.0,70696.0,70688.0,70696.0,0.36596301
1773518940,70696.0,70696.0,70695.0,70695.0,0.44852915
1773519000,70695.0,70696.0,70695.0,70695.0,1.24659226
1773519060,70695.0,70696.0,70695.0,70695.0,0.19727022
1773519120,70695.0,70696.0,70695.0,70695.0,0.54447337
1773519180,70695.0,70695.0,70685.0,70685.0,0.64881429
1773519240,70685.0,70686.0,70685.0,70686.0,0.68802842
1773519300,70687.0,70703.0,70687.0,70703.0,1.02256253
1773519360,70703.0,70705.0,70703.0,70704.0,0.6033828
1773519420,70704.0,70713.0,70704.0,70712.0,0.61473908
1773519480,70713.0,70734.0,70713.0,70727.0,1.50782127
1773519540,70727.0,70742.0,70727.0,70742.0,0.923875
1773519600,70742.0,70742.0,70741.0,70741.0,11.32394637
1773519660,70741.0,70741.0,70732.0,70736.0,0.67468603
1773519720,70736.0,70751.0,70736.0,70750.0,4.4939289
1773519780,70750.0,70759.0,70750.0,70756.0,0.56917927
1773519840,70756.0,70759.0,70735.0,70735.0,1.52541564
1773519900,70735.0,70736.0,70735.0,70735.0,0.18334257
1773519960,70736.0,70748.0,70736.0,70747.0,0.92507625
1773520020,70755.0,70757.0,70755.0,70755.0,1.33600956
1773520080,70755.0,70759.0,70755.0,70758.0,0.86639796
1773520140,70758.0,70758.0,70758.0,70758.0,0.35546042
1773520200,70758.0,70759.0,70757.0,70757.0,0.18480085
1773520260,70757.0,70757.0,70751.0,70751.0,0.20901933
1773520320,70751.0,70753.0,70751.0,70753.0,0.67603435
1773520380,70755.0,70756.0,70755.0,70755.0,0.29967068
1773520440,70755.0,70756.0,70755.0,70755.0,0.34001037
1773520500,70755.0,70759.0,70755.0,70758.0,0.40101683
1773520560,70758.0,70759.0,70758.0,70758.0,0.21292272
1773520620,70758.0,70759.0,70758.0,70758.0,0.47579767
1773520680,70758.0,70764.0,70758.0,70764.0,0.85796992
1773520740,70764.0,70764.0,70764.0,70764.0,0.28440179
1773520800,70763.0,70783.0,70763.0,70782.0,1.82951784
1773520860,70782.0,70817.0,70782.0,70803.0,3.78383574
1773520920,70803.0,70804.0,70803.0,70803.0,0.19789467
1773520980,70803.0,70827.0,70803.0,70827.0,1.13776238
1773521040,70826.0,70861.0,70824.0,70861.0,2.39262669
1773521100,70851.0,70851.0,70826.0,70826.0,1.03519099
1773521160,70826.0,70826.0,70818.0,70818.0,0.54532685
1773521220,70817.0,70847.0,70817.0,70841.0,0.64539074
1773521280,70853.0,70853.0,70849.0,70849.0,0.21372088
1773521340,70849.0,70850.0,70831.0,70837.0,0.6166823
1773521400,70837.0,70844.0,70822.0,70822.0,0.47471705
1773521460,70822.0,70822.0,70816.0,70820.0,0.14985705
1773521520,70821.0,70830.0,70820.0,70830.0,0.35802157
1773521580,70830.0,70842.0,70830.0,70841.0,0.33183927
1773521640,70841.0,70842.0,70827.0,70827.0,0.77872767
1773521700,70827.0,70828.0,70824.0,70824.0,0.2659644
1773521760,70824.0,70836.0,70824.0,70835.0,0.55272635
1773521820,70835.0,70850.0,70835.0,70848.0,1.46198285
1773521880,70848.0,70850.0,70847.0,70847.0,1.46268264
1773521940,70847.0,70847.0,70818.0,70818.0,0.54209745
1773522000,70801.0,70801.0,70766.0,70797.0,3.41172886
1773522060,70797.0,70801.0,70797.0,70800.0,1.01092887
1773522120,70800.0,70800.0,70793.0,70793.0,0.3290568
1773522180,70793.0,70793.0,70760.0,70762.0,3.58016717
1773522240,70761.0,70768.0,70761.0,70767.0,1.35247579
1773522300,70767.0,70768.0,70755.0,70755.0,0.50213686
1773522360,70755.0,70755.0,70717.0,70721.0,0.90696502
1773522420,70721.0,70727.0,70717.0,70726.0,1.35116366
1773522480,70727.0,70746.0,70726.0,70745.0,0.89018739
1773522540,70743.0,70747.0,70742.0,70747.0,0.46544429
1773522600,70746.0,70747.0,70746.0,70746.0,0.1886793
1773522660,70746.0,70747.0,70746.0,70747.0,0.16724254
1773522720,70747.0,70747.0,70746.0,70746.0,0.74547704
1773522780,70747.0,70747.0,70691.0,70691.0,11.42521866
1773522840,70691.0,70691.0,70676.0,70676.0,0.71101086
1773522900,70676.0,70697.0,70676.0,70697.0,0.58822358
1773522960,70696.0,70704.0,70696.0,70704.0,0.26426197
1773523020,70704.0,70707.0,70704.0,70705.0,0.71467016
1773523080,70715.0,70729.0,70715.0,70728.0,0.19680654
1773523140,70728.0,70728.0,70697.0,70697.0,1.61118088
1773523200,70699.0,70699.0,70698.0,70698.0,0.118696
1773523260,70699.0,70710.0,70699.0,70709.0,1.15727051
1773523320,70709.0,70710.0,70709.0,70709.0,0.18146075
1773523380,70709.0,70710.0,70709.0,70709.0,0.26408508
1773523440,70711.0,70714.0,70697.0,70697.0,1.04789877
1773523500,70697.0,70697.0,70695.0,70695.0,0.46968158
1773523560,70695.0,70700.0,70695.0,70699.0,0.53103046
1773523620,70699.0,70700.0,70699.0,70699.0,0.32703104
1773523680,70699.0,70700.0,70699.0,70699.0,0.6051448
1773523740,70699.0,70700.0,70699.0,70699.0,0.26276703
1773523800,70699.0,70700.0,70697.0,70697.0,0.67317655
1773523860,70697.0,70702.0,70697.0,70700.0,1.41227549
1773523920,70700.0,70708.0,70700.0,70707.0,0.39457485
1773523980,70706.0,70711.0,70706.0,70710.0,0.27623177
1773524040,70710.0,70711.0,70704.0,70704.0,0.88792333
1773524100,70700.0,70703.0,70700.0,70702.0,0.42414722
1773524160,70702.0,70705.0,70702.0,70702.0,0.59125578
1773524220,70702.0,70703.0,70702.0,70702.0,0.20631153
1773524280,70702.0,70703.0,70702.0,70702.0,0.49064637
1773524340,70702.0,70708.0,70702.0,70707.0,0.45575557
1773524400,70707.0,70733.0,70707.0,70732.0,0.43004115
1773524460,70732.0,70767.0,70732.0,70762.0,2.21274396
1773524520,70762.0,70763.0,70754.0,70754.0,1.29447124
1773524580,70754.0,70762.0,70754.0,70762.0,0.19242734
1773524640,70761.0,70762.0,70757.0,70757.0,0.36627675
1773524700,70751.0,70751.0,70729.0,70729.0,0.25978464
1773524760,70729.0,70730.0,70729.0,70729.0,0.21857074
1773524820,70729.0,70734.0,70729.0,70734.0,0.98704137
1773524880,70734.0,70784.0,70734.0,70779.0,1.18180452
1773524940,70780.0,70780.0,70779.0,70779.0,0.48640821
1773525000,70779.0,70780.0,70779.0,70779.0,0.44976805
1773525060,70779.0,70803.0,70779.0,70800.0,0.67075808
1773525120,70799.0,70813.0,70799.0,70813.0,0.23546209
1773525180,70818.0,70825.0,70808.0,70808.0,9.83047033
1773525240,70808.0,70808.0,70793.0,70798.0,0.64619341
1773525300,70798.0,70798.0,70779.0,70779.0,0.23692189
1773525360,70780.0,70795.0,70780.0,70794.0,3.03590578
1773525420,70794.0,70802.0,70794.0,70801.0,1.02202452
1773525480,70801.0,70810.0,70801.0,70809.0,0.46371719
1773525540,70807.0,70808.0,70777.0,70798.0,1.20123369
1773525600,70809.0,70809.0,70771.0,70780.0,0.46520545
1773525660,70780.0,70795.0,70766.0,70766.0,0.45854855
1773525720,70766.0,70795.0,70766.0,70795.0,1.00595744
1773525780,70795.0,70809.0,70794.0,70808.0,0.53476335
1773525840,70807.0,70817.0,70799.0,70817.0,1.14495115
1773525900,70811.0,70811.0,70810.0,70810.0,0.33676661
1773525960,70811.0,70811.0,70808.0,70808.0,0.25377709
1773526020,70808.0,70808.0,70788.0,70789.0,0.25720367
1773526080,70788.0,70788.0,70770.0,70771.0,0.60148345
1773526140,70770.0,70771.0,70742.0,70743.0,0.40093144
1773526200,70742.0,70748.0,70742.0,70748.0,0.43635145
1773526260,70747.0,70758.0,70747.0,70757.0,1.44000755
1773526320,70758.0,70763.0,70757.0,70760.0,1.36571996
1773526380,70760.0,70761.0,70760.0,70760.0,0.65393636
1773526440,70760.0,70761.0,70739.0,70739.0,0.73797672
1773526500,70734.0,70735.0,70731.0,70732.0,0.59502669
1773526560,70733.0,70740.0,70733.0,70740.0,0.43616016
1773526620,70739.0,70744.0,70739.0,70743.0,0.48472033
1773526680,70744.0,70754.0,70743.0,70753.0,0.23300933
1773526740,70754.0,70754.0,70739.0,70747.0,0.45599497
1773526800,70746.0,70750.0,70746.0,70748.0,0.23742102
1773526860,70744.0,70744.0,70741.0,70741.0,0.1664471
1773526920,70736.0,70736.0,70723.0,70724.0,0.50877693
1773526980,70724.0,70730.0,70723.0,70730.0,0.80365222
1773527040,70729.0,70766.0,70729.0,70766.0,0.92921564
1773527100,70770.0,70775.0,70757.0,70762.0,1.95640558
1773527160,70762.0,70765.0,70762.0,70764.0,0.32315931
1773527220,70764.0,70765.0,70755.0,70755.0,0.48485182
1773527280,70755.0,70770.0,70755.0,70770.0,0.28010751
1773527340,70769.0,70770.0,70759.0,70759.0,0.47360487
1773527400,70759.0,70760.0,70759.0,70760.0,0.10493751
1773527460,70759.0,70768.0,70759.0,70766.0,0.44893564
1773527520,70766.0,70767.0,70766.0,70766.0,0.30145767
1773527580,70767.0,70775.0,70766.0,70770.0,3.20104086
1773527640,70769.0,70770.0,70756.0,70756.0,0.70146493
1773527700,70755.0,70761.0,70755.0,70761.0,0.44511235
1773527760,70760.0,70783.0,70760.0,70783.0,0.70243249
1773527820,70783.0,70815.0,70783.0,70806.0,0.74772533
1773527880,70805.0,70806.0,70805.0,70805.0,0.49374595
1773527940,70805.0,70805.0,70805.0,70805.0,0.14965698
1773528000,70805.0,70805.0,70775.0,70775.0,0.40713607
1773528060,70775.0,70775.0,70760.0,70764.0,0.52801874
1773528120,70764.0,70769.0,70763.0,70768.0,0.20401005
1773528180,70768.0,70771.0,70768.0,70769.0,0.73444707
1773528240,70769.0,70771.0,70768.0,70770.0,0.47771064
1773528300,70771.0,70771.0,70770.0,70770.0,0.21191276
1773528360,70752.0,70753.0,70752.0,70753.0,0.22689598
1773528420,70753.0,70753.0,70752.0,70753.0,0.47988107
1773528480,70753.0,70753.0,70734.0,70734.0,1.07330376
1773528540,70734.0,70734.0,70716.0,70719.0,0.56472532
1773528600,70718.0,70726.0,70718.0,70722.0,1.16859077
1773528660,70722.0,70722.0,70721.0,70722.0,0.08203427
1773528720,70722.0,70726.0,70722.0,70725.0,0.53703906
1773528780,70726.0,70727.0,70725.0,70726.0,1.19216676
1773528840,70726.0,70727.0,70726.0,70727.0,0.22146289
1773528900,70727.0,70727.0,70717.0,70718.0,0.40992316
1773528960,70725.0,70729.0,70725.0,70728.0,0.22587208
1773529020,70728.0,70729.0,70728.0,70728.0,0.24380428
1773529080,70728.0,70730.0,70728.0,70728.0,0.87256138
1773529140,70729.0,70729.0,70728.0,70728.0,0.23544424
1773529200,70728.0,70782.0,70728.0,70770.0,1.34191197
1773529260,70770.0,70799.0,70770.0,70798.0,0.61360436
1773529320,70799.0,70906.0,70798.0,70900.0,8.49665314
1773529380,70900.0,70909.0,70873.0,70905.0,3.12500706
1773529440,70904.0,70905.0,70894.0,70903.0,0.33225481
1773529500,70903.0,70921.0,70903.0,70913.0,3.30778156
1773529560,70914.0,71091.0,70914.0,71075.0,18.35732833
1773529620,71055.0,71055.0,70986.0,71031.0,2.77431425
1773529680,71031.0,71065.0,71031.0,71034.0,1.65502996
1773529740,71034.0,71076.0,71020.0,71040.0,2.72293694
1773529800,71022.0,71022.0,71007.0,71007.0,0.5931147
1773529860,71007.0,71008.0,70995.0,70995.0,1.0109832
1773529920,70982.0,70987.0,70956.0,70956.0,1.75563449
1773529980,70956.0,70957.0,70955.0,70957.0,0.17341436
1773530040,70958.0,71018.0,70957.0,71018.0,2.81041551
1773530100,71018.0,71019.0,70964.0,70964.0,1.16764427
1773530160,70964.0,70964.0,70929.0,70930.0,10.78492333
1773530220,70940.0,70956.0,70940.0,70955.0,0.31956089
1773530280,70963.0,70963.0,70954.0,70954.0,0.20336207
1773530340,70954.0,70954.0,70934.0,70934.0,0.29290602
1773530400,70935.0,70995.0,70935.0,70995.0,0.7003205
1773530460,70996.0,71004.0,70995.0,70997.0,0.95675072
1773530520,70997.0,71005.0,70997.0,71003.0,0.48313329
1773530580,71003.0,71004.0,71003.0,71003.0,0.36644208
1773530640,71003.0,71018.0,71003.0,71017.0,1.5674416
1773530700,71017.0,71017.0,70995.0,70995.0,0.69668762
1773530760,70995.0,71010.0,70990.0,71009.0,0.53794873
1773530820,71010.0,71043.0,71010.0,71043.0,1.06510279
1773530880,71043.0,71065.0,71039.0,71064.0,0.44706905
1773530940,71064.0,71066.0,71046.0,71046.0,0.52100924
1773531000,71048.0,71091.0,71046.0,71046.0,11.06731597
1773531060,71047.0,71055.0,71043.0,71055.0,0.19868471
1773531120,71055.0,71079.0,71055.0,71079.0,0.46563363
1773531180,71083.0,71125.0,71083.0,71115.0,2.77877045
1773531240,71115.0,71125.0,71115.0,71116.0,0.91503151
1773531300,71116.0,71125.0,71116.0,71119.0,0.33818653
1773531360,71119.0,71129.0,71119.0,71129.0,0.52689708
1773531420,71129.0,71158.0,71124.0,71141.0,2.81706196
1773531480,71136.0,71150.0,71135.0,71149.0,1.07351299
1773531540,71149.0,71194.0,71149.0,71191.0,4.04347953
1773531600,71194.0,71197.0,71180.0,71180.0,0.9468599
1773531660,71180.0,71191.0,71180.0,71190.0,1.02722768
1773531720,71190.0,71219.0,71188.0,71219.0,1.62643648
1773531780,71218.0,71219.0,71191.0,71191.0,0.93182489
1773531840,71191.0,71199.0,71191.0,71192.0,2.09947653
1773531900,71219.0,71235.0,71218.0,71226.0,1.41621432
1773531960,71218.0,71218.0,71194.0,71194.0,0.51624566
1773532020,71194.0,71194.0,71149.0,71149.0,0.19519372
1773532080,71134.0,71180.0,71130.0,71174.0,0.64561611
1773532140,71174.0,71177.0,71164.0,71177.0,0.94991897
1773532200,71177.0,71177.0,71162.0,71164.0,0.2109308
1773532260,71164.0,71164.0,71128.0,71136.0,0.69883933
1773532320,71136.0,71152.0,71136.0,71141.0,1.5008226
1773532380,71141.0,71159.0,71141.0,71158.0,0.5022862
1773532440,71158.0,71204.0,71158.0,71204.0,2.44391184
1773532500,71212.0,71250.0,71212.0,71250.0,1.62893349
1773532560,71252.0,71256.0,71224.0,71224.0,1.55200441
1773532620,71224.0,71243.0,71224.0,71241.0,0.3034712
1773532680,71242.0,71242.0,71218.0,71218.0,0.31859942
1773532740,71218.0,71219.0,71209.0,71218.0,0.97438262
